1358874097518845956 2021-02-08 15:23:26 -0500 <Vintage_Watcher> Excited to share the latest addition to my #etsy shop: Superb 14k Gold Rockford 11 Jewel Grade 104 Hunter Pocket Watch 1890  https://t.co/mtIMACaRp7 #white #anniversary #women #artdeco #analog #mechanical #braceletwatch #military #vintagewatch  https://t.co/IIbUxWzQ20 | 0 replies 0 retweets 0 likes
1358873983173672961 2021-02-08 15:22:58 -0500 <HeartDocSharon> @thaiscoutinhoCV @theweeknd Dear @theweeknd This WEEKEND, Saturday Feb13th to be exact, is #WearRedCanadaüá®üá¶Day to increase awareness of #HeartDisease as the #1killer üó∫of #women.üòç ü•∞ your energy and #SBLV RED jacket sharing this message! üôèJOIN US üá®üá¶‚ù§Ô∏è https://t.co/RbtVjuUZ3y #HerHeartMatters @CWHHAlliance  https://t.co/Yc40ovEUYj | 0 replies 0 retweets 0 likes
1358873835601297411 2021-02-08 15:22:23 -0500 <BehindHelmet> In the 4th round of @Official_F4UAE at Yas Marina Circuit, @HamdaalqubaisiO scored her fifth victory of her Formula 4 career üëèüí™  Read more‚û°Ô∏è https://t.co/hXhRIzDqDq  üì∏: Adriano Coutinho #motorsport #racing #F4 #WomenInMotorsport #FemaleTalent #women #racers #girlpower #UAE  https://t.co/k6NCCX8DvD | 0 replies 0 retweets 0 likes
1358873709738606594 2021-02-08 15:21:53 -0500 <lybotics> the world to study and dedicate their lives in one of the most interesting sciences: #STEM and #Robotics. Our women community is pioneer in the searching of equal opportunities, enjoying us for more information. #education #SDGs #Libya #technology #women #omgrobots #innovation | 0 replies 0 retweets 0 likes
1358873564397645828 2021-02-08 15:21:19 -0500 <babydollirish2> Can you help? #galway #women #sneachta #ireland | 0 replies 0 retweets 0 likes
1358873497955614724 2021-02-08 15:21:03 -0500 <cetincuneyt> #Zinc might be a problem solver for people trying to conceive #TTC during #coronavirus  A new study has suggested that zinc supplements for both #men and #women, who are attempting to conceive can assist in #reproduction during the‚Ä¶ https://t.co/Q9KS8dR6WA  https://t.co/dBQ1uouGu9 | 0 replies 0 retweets 0 likes
1358873124779880448 2021-02-08 15:19:34 -0500 <chidambara09> The fast-spreading #coronavirus variant is ,,,  https://t.co/UkS8KVOtxs  #bigdata #AI #LiNKEDiN #IIoT #IoT #Tech #Linux #UK #javaScript #FinTech #dataScience #SCiENCE #USA #dataScientist #Women #healthCare #Rstats #FemTech #100daysOfCode #FRENCHtech #France #digitalTransformation | 0 replies 4 retweets 2 likes
1358873078453981184 2021-02-08 15:19:23 -0500 <Asmatofficiall> Iron deficiency in Women leads to tiredness.   #women #life #MotivationMonday #Motivation #healthcare  https://t.co/KzHohooqWQ | 0 replies 0 retweets 0 likes
1358873046745022472 2021-02-08 15:19:15 -0500 <CarolSankar> The Confidence Factor for #Women in #Leadership at #TEDx  ...   https://t.co/pQcwECRjLd | 0 replies 1 retweets 0 likes
1358872891819982848 2021-02-08 15:18:38 -0500 <CarolSankar> The Confidence Factor for #Women in #Leadership at #TEDx  ... Enjoy.Share.Take Action  https://t.co/YR2CDdQO19 | 0 replies 0 retweets 1 likes
1358872890867908610 2021-02-08 15:18:38 -0500 <Lisa_Parmeter> Need a gift for your girl buddy this GALentine's Day?!  From women farmers, producers, roaster to the Military Women's Memorial label, this does much for women making a difference in the world. #women #milspouse #Coffee #Farmers #Trailblazers #galentinesday #gifts #giftideas | 0 replies 0 retweets 0 likes
1358872836601954307 2021-02-08 15:18:25 -0500 <crueltissue> porq no me dan rt hijos d puta teclado bot RT THIS! #100DaysOfMLCode #Python #javascript #Nodejs #Serverless #womenwhocode #cybersecurity #RStats #CodeNewbie #DataScience #DEVCommunity #CoDMobile #female #RCBvsKXIP #DigitalMarketing #MIvsRCB #WWE #women   #VoteShawnMendes #KCA | 0 replies 2 retweets 0 likes
1358872728078532614 2021-02-08 15:17:59 -0500 <crueltissue> teclado bot RT THIS! #100DaysOfMLCode #Python #javascript #Nodejs #Serverless #womenwhocode #cybersecurity #RStats #CodeNewbie #DataScience #DEVCommunity #CoDMobile #female #RCBvsKXIP #DigitalMarketing #MIvsRCB #WWE #women   #VoteShawnMendes #KCA | 0 replies 4 retweets 2 likes
1358872424129781760 2021-02-08 15:16:47 -0500 <chidambara09> Best Charts  #Google Slides Presentation #Template  YouTube  https://t.co/7cz7yfNL9G  #bigdata #AI #LiNKEDiN #IIoT #IoT #Tech #Linux #UK #javaScript #FinTech #dataScience #SCiENCE #USA #dataScientist #Women #Rstats #FemTech #100daysOfCode #FRENCHtech #France #digitalTransformation | 0 replies 4 retweets 1 likes
1358872372972048387 2021-02-08 15:16:35 -0500 <meetcustomclot1> Women's long sleeves Blue and white grid  https://t.co/fQ4dSmNZxI #clothing #women'sclothing #dresses  https://t.co/N80BdKilFE | 0 replies 0 retweets 0 likes
1358872345457360897 2021-02-08 15:16:28 -0500 <HaremPantsThai> Women Trouser Thai Pants Yoga Pants Aladdin  https://t.co/3zTp6iuxSj #clothing #women'sclothing #pants  https://t.co/qslHN2hJwG | 0 replies 0 retweets 0 likes
1358872111813656578 2021-02-08 15:15:32 -0500 <leoneculture> New Statement Earrings ‚ú®   https://t.co/7xigSejeka  #BlackHistoryMonth #women #BHM #ads #promotion #BLM #BuyBlack #BlackOwned #shoppingstar #africanqueen  https://t.co/ZjSLDK0Tyl | 0 replies 0 retweets 0 likes
1358872036857311234 2021-02-08 15:15:14 -0500 <TheNightWorlds> In the first of our Women In Horror interviews, don't miss "A Conversation With Emma Dark"!  Tomorrow on the iScreemZ YouTube Channel! ü¶áüíÄü¶á  üíÄPLEASE SUBSCRIBE! SUPPORT INDIE HORROR!!!üíÄ  #HorrorCommunity #women #womeninhorror #films #podcast  @EmDarkOfficial @PromoteHorror  https://t.co/hkSTXBEAXw | 0 replies 0 retweets 0 likes
1358871902681399296 2021-02-08 15:14:42 -0500 <chidambara09>  https://t.co/ZYofaPJjRo   #HUMAN  Or  #dataDRiVEN response   #bigdata #AI #LiNKEDiN #IIoT #IoT #Tech #Linux #UK #javaScript #FinTech #dataScience #USAüê¶ #dataScientist #Women #Rstats #FemTech #100daysOfCode #FRENCHtech #France #digitalTransformation #MachineLEARNiNG #Programming | 0 replies 6 retweets 2 likes
1358871576092037129 2021-02-08 15:13:25 -0500 <SNia96361817> Women are women. Men are men. Nonbinary ppl are neither. That is all #women #feminist #transgender | 0 replies 0 retweets 0 likes
1358871491752980483 2021-02-08 15:13:04 -0500 <KywkJ> VOTD: Chris Rock Explains Why Men Are Never Loved Unconditional.  https://t.co/qovshgOARH #men #women #Monday #MondayMorning #MondayMotivation #MondayVibes #relationships #RelationshipAdvice #dating #datingadvice #branding #Marketing #blog #Blogs #mindset #video #mgtow #redpill | 0 replies 0 retweets 0 likes
1358871462732582912 2021-02-08 15:12:57 -0500 <jaskaurs> @impuni @pushkker @meenaharris You may not want to emulate the West...but it will happen. It‚Äôs out your hands. Asian Women are finding their voice and will no longer be dictated to by men. It is  already starting to happen. #women‚Äôschoicesandvoicesmatter | 0 replies 0 retweets 0 likes
1358871362513829891 2021-02-08 15:12:34 -0500 <LadyBethWallace> I‚Äôm not a member of the @SocDems but I‚Äôve huge respect for @HollyCairnsTD - can you believe, in 2021, she‚Äôs the ONLY female elected representative for all of Co #Cork? We need to cultivate the knowledge, skills &amp; environment necessary for #girls &amp; #women to enter #politics. | 0 replies 0 retweets 2 likes
1358871325943730178 2021-02-08 15:12:25 -0500 <joeleepost> PMS is no joke! Know the facts take heed of the signs! #women #womenshealth #pms #depression Having a healthy  diet and routine can help combat PMS  https://t.co/a0QhRsqhWj  https://t.co/WT56XBPI2J | 0 replies 0 retweets 0 likes
1358871243580006400 2021-02-08 15:12:05 -0500 <DrRJ55> @RepMattGaetz @TuckerCarlson @IngrahamAngle @laurenboebert @marklevinshow   C-19 targets those over 65 &amp; with comorbidities = Science.  To understand how virus fear is being used against us, read: #women #WomenInSTEM #WomenWhoCode #Trump #COVID19    https://t.co/pWbrluaBg0 | 0 replies 0 retweets 0 likes
1358870854952751104 2021-02-08 15:10:33 -0500 <EnGadx> Only a month remains from now to the woman's day @UN_Women ü§òüèª#women | 0 replies 0 retweets 0 likes
1358870741345837056 2021-02-08 15:10:05 -0500 <physorg_health> Illinois county reverses #decision; will allow pregnant and lactating #women to get COVID-19 vaccines  https://t.co/QteM761tA5 | 0 replies 3 retweets 3 likes
1358870302344630274 2021-02-08 15:08:21 -0500 <Barkhurdar11> #MondayMotivation #tuesdayvibe #tuesdaymotivations #Instagram #selfcare #selflove #MindfulMondays #women #Growth #love #mindsetiseverything #SelfImprovement  @AceMetaphor @endangerhood | 0 replies 1 retweets 2 likes
1358870256639479808 2021-02-08 15:08:10 -0500 <SharifaJamaldin> Attention #women: mark March 8 on your calendar: see  @internationalwomensday_global  https://t.co/9VIiPlzaFQ | 0 replies 0 retweets 0 likes
1358870200406446084 2021-02-08 15:07:57 -0500 <HarryBucknall> 2 ask #servicemen &amp; #women 2 pay 4 the privilege 2 live in the country they fought 4 is out of order - #GeneralRichards on #GeneralTalk @Tobias_Ellwood @BWallaceMP @BritComMil @CommonwealthNe1 @TomTugendhat @The_AFF @CommonsDefence @JohnnyMercerUK @PScotlandCSG @JoannaLumleyUK | 0 replies 0 retweets 1 likes
1358870182429675529 2021-02-08 15:07:52 -0500 <coloreswear> Face Women's Apparel  Shop Here:  https://t.co/gCDDTrYPbq  Follow @coloreswear  #women #fashion #womensfashion #style #womensstyle #shopping #TrendingNow #colores  https://t.co/yJ6vBNzCka | 0 replies 0 retweets 1 likes
1358869940887900160 2021-02-08 15:06:55 -0500 <DrRJ55> @katherineefoley N95 is the only mask that protects.  All the others only keep your sneeze from being projected.  If you are in an elevator and someone sneezes that is sick, the masks will not stop the virus.  It is 0.08 microns.    #MaskUp #doublemasking #TruthMatters #women | 0 replies 0 retweets 0 likes
1358869819840491520 2021-02-08 15:06:26 -0500 <ElaineFalkner> Just horrible but what #women can expect with #outpatient #hysteroscopy and #biopsy in today's #nhs #gynaecology departments. | 0 replies 0 retweets 0 likes
1358869345686851585 2021-02-08 15:04:33 -0500 <chidambara09> #NYC to #REOPEN  Middle #Schools,  but Students ,,, #Home  https://t.co/UmrUuSmzsC   #bigdata #AI #LiNKEDiN #IIoT #IoT #Tech #Linux #UK #javaScript #FinTech #dataScience #USAüê¶ #dataScientist #Women #Rstats #FemTech #100daysOfCode #FRENCHtech #France #digitalTransformation #ONLiNE | 0 replies 5 retweets 2 likes
1358869327953469445 2021-02-08 15:04:29 -0500 <zukopetista> This glass of decadent #Wine üç∑reminds me of my ex wife #Thequinha who #Cheated on me. Maybe #Women aren't for me? #MaybeImGay üåà  https://t.co/LVhD8rNFC3 | 2 replies 0 retweets 0 likes
1358868785529200641 2021-02-08 15:02:19 -0500 <chidambara09> REPLY: El estudio "From #Cloud to Edge"  ,,, #CLOUDcomputing  https://t.co/6qPbdviO4s   #bigdata #AI #LiNKEDiN #IIoT #IoT #Tech #Linux #UK #javaScript #FinTech #dataScience #USA #dataScientist #Women #Rstats #FemTech #100daysOfCode #FRENCHtech #France #digitalTransformation #WEb | 0 replies 9 retweets 5 likes
1358868756399853571 2021-02-08 15:02:12 -0500 <Elizbeckerwrite> My virtual book tour begins this Friday night at the Overseas Press Club - 6:00pm please join me. #women #journalism #war #vietnam #Feminism   https://t.co/sGh5WU9BwD | 0 replies 2 retweets 1 likes
1358868687072030721 2021-02-08 15:01:56 -0500 <JeenaMB> #bengali #women are #delusional. They never #escape the number #18 even when #80...now #read #it as a #compliment  he says | 0 replies 0 retweets 0 likes
1358868647540883462 2021-02-08 15:01:46 -0500 <PatrickScientis> #DontMiss Girls Like Us Young #Women challenge #genderstereotypes, pursue #tech  https://t.co/Bi0wSJIdlp #GirlsWhoCode #PlanetClassroom #YouTube @SIMAclassroom @global_nomads @goproject @marthagraham  https://t.co/v8UQiWDyWj | 0 replies 0 retweets 0 likes
1358868626737094662 2021-02-08 15:01:41 -0500 <NawafEgla> On the new judicial reforms, the Minister of Justice has given few clarifying examples during a televised interview:  ‚ÄúThe new Status Law will determine a minimum age for marriage &amp; will stop marriages against women's will.‚Äù  Another milestone for #women &amp; #children rights.  #MbS  https://t.co/mS9u7LH1mF | 0 replies 1 retweets 0 likes
1358868484843704322 2021-02-08 15:01:07 -0500 <leenairen> Check out new work on my @Behance profile: "Beauty Photography"  https://t.co/N0XuIMqwtD   #Photography #photo #photographer #beauty #girl #women | 0 replies 0 retweets 3 likes
1358868403985997826 2021-02-08 15:00:48 -0500 <Cheslin26005344> 3pcs Women Sexy Lingerie set Lace Garter stocking clip Exotic Bandage Nightwear Sheer Underwear G-string Transparent Babydolls  https://t.co/hIFHFdBrcg R 44.99 #Holyhost #3pcs #Women #33443050white1l #Ladies #Lingerie  https://t.co/PQh8JR4O7K | 0 replies 0 retweets 0 likes
1358868400550916105 2021-02-08 15:00:47 -0500 <EnspireMag> Lena Horne was proud of what was going on and she often at times went to go visit the Tuskegee Airmen. #LenaHorne #women #USArmy #pilot #celebrateblackhistory #Blackhistorymonth #ENSPIREMag #africanamericanculture #blackexcellence #blackmedia  https://t.co/r7Ra4Zy530 | 0 replies 0 retweets 0 likes
1358868398256570372 2021-02-08 15:00:47 -0500 <byStevenRamirez> The Nature of Fragile Things by Susan Meissner ~ a Review  https://t.co/4xZKzorrcc via @Girl_Who_Reads #HistoricalFiction #Women  https://t.co/KdreqUjvry | 0 replies 0 retweets 0 likes
1358868393793789952 2021-02-08 15:00:46 -0500 <britbratcali> For anyone denying equality and equity... the pandemic revealed the truth. #women #GenderEquality #equality #equity  All U.S. jobs lost in December belonged to women, according to job report  https://t.co/JAhvmbRFZf | 0 replies 0 retweets 0 likes
1358868272213610496 2021-02-08 15:00:17 -0500 <ElaineFalkner> @IrishAshyT Heartbreaking! Incredible how #women are treated in 21st century. Women's pain still not seen as #real pain! Just #WomensPain | 0 replies 0 retweets 0 likes
1358868242618486786 2021-02-08 15:00:10 -0500 <chidambara09> Disrupci√≥n Digital en el #Agro #Espa√±ol. ¬øHumo o Realidad?  https://t.co/7IbczDp2eh  #bigdata #AI #LiNKEDiN #IIoT #IoT #Tech #Linux #UK #javaScript #FinTech #dataScience #USA #dataScientist #Women #Rstats #FemTech #WEbiNAR #100daysOfCode #FRENCHtech #France #digitalTransformation | 0 replies 2 retweets 1 likes
1358868104189722631 2021-02-08 14:59:37 -0500 <BREWERSCOTTAGE> #Thanks @Strongerkent for pairing me with this lovely lady @beyond_thepage who provide #ESOL #services to the #women of #Thanet and beyond #makingadifference #community @KSSCRC  https://t.co/8zMlTH5KQH | 0 replies 0 retweets 0 likes
1358867767168880644 2021-02-08 14:58:16 -0500 <RoyMGithaiga> #inspirationalleader #environment #women #women #sustainabledevelopment #kenya #womenempowerment | 0 replies 0 retweets 0 likes
1358867709149106177 2021-02-08 14:58:03 -0500 <chidambara09> K√ºnstliche Intelligenz (KI) ‚Äì Anwendungs¬≠potenziale in  ,,,   https://t.co/52jhtCppIQ   #bigdata #AI #LiNKEDiN #IIoT #IoT #Tech #Linux #UK #javaScript #FinTech #dataScience #USAüê¶ #dataScientist #Women #Rstats #FemTech #100daysOfCode #FRENCHtech #France #digitalTransformation #WEb | 0 replies 7 retweets 5 likes
1358867675825528832 2021-02-08 14:57:55 -0500 <twistertitr> #BidenHarris #Women #GOPWomen #Indie #Dems #Students #Millennials #Seniors #Unions #BLM #Latinos #Asian #Vets #LGBTQ #CountryB4Party #TeamJoe  #PA #MI #WI #KY #CO #AZ #ME #NC #SC #OH #GA #FL #KS #MT #IA #TX #MS #NE #NV #TeamJoe #SaveLives #WearAMask                    üåäüåäüåä #FF | 0 replies 0 retweets 0 likes
1358867555071496194 2021-02-08 14:57:26 -0500 <EPenhaul> So important that successful women seek to inspire other women . We are not at a point yet where gender is irrelevant in sporting or business success. Let's set out to inspire one another with our stories #WomenInSport #WomeninBusiness #women | 0 replies 1 retweets 2 likes
1358867475245502466 2021-02-08 14:57:07 -0500 <HashMuse> Every women deserve to feel #SAFE #RESPECT and #CONFIDENT from her #BROTHER #FATHER and #HUSBAND. We can't tolerate to #KILLING Of our Sisters MOTHERS and wife's.  „ÄäRaise up #WOMEN dignity„Äã @musebiihi @cabdirashed @slmesaf @SWSpeak @Somalilandcodes @Adam_Haji @hauwa_farouk | 0 replies 0 retweets 1 likes
1358867229295665154 2021-02-08 14:56:08 -0500 <madinfluencepod> A huge thank you you to @jeankilbourne for talking to us about what's changed over the past half a century in advertising. üéßYou can listen here or on any podcast platform:  https://t.co/ax9RVPMHLM #podcast #marketing #advertising #women  https://t.co/Uho0qea0q6 | 0 replies 0 retweets 0 likes
1358867217820041216 2021-02-08 14:56:05 -0500 <EarthWizardInfo> transform your life - overcome your challenges - visit  https://t.co/bCbpRTb3Xs for Personal Growth information #Meditation #Women  https://t.co/2NACDMc2oI  https://t.co/O31tBixR2y | 0 replies 0 retweets 0 likes
1358867171607126018 2021-02-08 14:55:54 -0500 <nirvana_collect> Having the right circle of women around you is the biggest upgrade üëèüèøüëèüèø Empowered Women Empower Women üí™üèøüí™üèø Order your Tee today! 50% OFF    https://t.co/olHjSn2wVR #women #empoweringwomen #womenempowerment  https://t.co/gtdx2PbXb4 | 0 replies 0 retweets 1 likes
1358867138811994112 2021-02-08 14:55:47 -0500 <LisaLmperry13>  https://t.co/P7SIRFAQgW These are incredible stories of heroism!  #women ü¶Ñüíôüíúü§éüñ§ü§ç‚ù§Ô∏èüß°üíõüíöüíù | 0 replies 0 retweets 0 likes
1358866928287236096 2021-02-08 14:54:56 -0500 <steambrains> Thanks to @CosmeticsDesign @OlaySkin is #donating #scienceinabox kits to schools &amp; encouraging more #women in #STEM fields:  https://t.co/b1nrVq6lNL  Thank You!!! | 0 replies 0 retweets 0 likes
1358866879041974281 2021-02-08 14:54:45 -0500 <crueltissue> macaco teclado bot RT THIS! #100DaysOfMLCode #Python #javascript #Nodejs #Serverless #womenwhocode #cybersecurity #RStats #CodeNewbie #DataScience #DEVCommunity #CoDMobile #female #RCBvsKXIP #DigitalMarketing #MIvsRCB #WWE #women   #VoteShawnMendes #KCA | 0 replies 2 retweets 0 likes
1358866858246561795 2021-02-08 14:54:40 -0500 <NurUnal57> #homeschooling #world #Oesterreich #webinar #homework #workfromhome #life #Livestream #lockdown #Corona #Facebook #onlinelearning #business #Motivation #jobsearch #healthcare #beauty #beautiful #Amsterdam #ƒ∞stanbul #izmir #Germany #Tuerkce #Hercai #MondayMorning #women #startup  https://t.co/28qcZ7LCa9 | 0 replies 0 retweets 0 likes
1358866808858574854 2021-02-08 14:54:28 -0500 <chidambara09> @shrabonidey #Image Similarity With  #dEEPLEARNiNg ,,, #Science &amp; #Engineering  https://t.co/fOLCs4SKju    #bigdata #AI #LiNKEDiN #IIoT #IoT #Tech #Linux #UK #javaScript #FinTech #dataScience #USAüê¶#dataScientist #Women #Rstats #FemTech #100daysOfCode #FRENCHtech #France #digitalTransformation | 0 replies 5 retweets 1 likes
1358866713723490304 2021-02-08 14:54:05 -0500 <AlyxTheCEO> #Women are tired. It is easy to see why. Carrying the burden of so much #unpaidlabor . As a new mom I am just on the cusp of fully comprehending this and it is too much. We need tools and support.   Women‚Äôs Unpaid Labor is Worth $10,900,000,000,000  https://t.co/lMT1u9YhKu | 0 replies 0 retweets 0 likes
1358866686011731974 2021-02-08 14:53:59 -0500 <ADav63088422> Excited to share the latest addition to my #etsy shop: natural light green tourmaline ring sterling silver ring size 7 oval unheated tourmaline solitaire engagement jewelry gift  https://t.co/se0QZQUnip #green #oval #silver #women #ring #minimalist #tourmalinering #real  https://t.co/9ETMeBGkO0 | 0 replies 0 retweets 0 likes
1358866616629485571 2021-02-08 14:53:42 -0500 <twistertitr> #BidenHarris #Women #GOPWomen #Indie #Dems #Students #Millennials #Seniors #Unions #BLM #Latinos #Asian #Vets #LGBTQ #CountryB4Party #TeamJoe  #PA #MI #WI #KY #CO #AZ #ME #NC #SC #OH #GA #FL #KS #MT #IA #TX #MS #NE #NV #TeamJoe #SaveLives #WearAMask                    üåäüåäüåä #FF | 0 replies 0 retweets 1 likes
1358866573931524103 2021-02-08 14:53:32 -0500 <amyhailwood> Yeay! A really great first coaching session with @QBCPankhurst. So glad I was accepted onto this programme! #women #Manchester #RiseUp  https://t.co/7VX9tUKyHO | 0 replies 0 retweets 4 likes
1358866548925091840 2021-02-08 14:53:26 -0500 <ADav63088422> Excited to share the latest addition to my #etsy shop: natural unusual pink Rhodolite garnet ring round solitaire sterling silver ring size 7 thick band promise engagement ring jewelry gift  https://t.co/U5dLctUfLS #pink #round #garnet #silver #women #ring #garnetring  https://t.co/HowIDfGY4Y | 0 replies 0 retweets 0 likes
1358866342456287234 2021-02-08 14:52:37 -0500 <ADav63088422> Excited to share the latest addition to my #etsy shop: rare natural grandidierite ring blue green grandidierite sterling silver ring size 7 statement engagement promise jewelry gift  https://t.co/7BOiigTw0W #green #oval #silver #women #ring #real #grandidieritering  https://t.co/WOvMFGzJjv | 0 replies 0 retweets 1 likes
1358865837784981506 2021-02-08 14:50:36 -0500 <ADav63088422> Excited to share the latest addition to my #etsy shop: natural dark green tourmaline pendant sterling silver baguette unheated untreated tourmaline jewelry gift  https://t.co/DFhIWw6t74 #green #birthday #rectangle #pendant #silver #women #sale #minimalist #tourmaline  https://t.co/B4rLD3xMak | 0 replies 0 retweets 0 likes
1358865714862563333 2021-02-08 14:50:07 -0500 <puterhead1> See my latest addition to my #etsy shop: Gothic Sun Earrings, Art Nouveau Silver Dangle Jewelry, Stud Lightning Bolt- Lightning  https://t.co/tzXTVJ8ecK #starscelestial #women #pushback #gothic #earlobe #silver #nouveaudreams #sterlingearrings #artdecoearrings  https://t.co/Z6ZAe05PdC | 0 replies 0 retweets 0 likes
1358865691907153927 2021-02-08 14:50:02 -0500 <ADav63088422> Excited to share the latest addition to my #etsy shop: natural ruby fish ring sterling silver modern tropical angel fish ring size 6.75 unusual jewelry gift  https://t.co/aM9s1uYW99 #pink #round #animals #silver #women #ring #ruby #fishring #tropicalfishring  https://t.co/pWvv9ZAZzt | 0 replies 1 retweets 0 likes
1358865390512852992 2021-02-08 14:48:50 -0500 <puterhead1> I'm excited to share my newest creation #etsy shop: Real Opal Necklace, Sterling Silver Genuine Black Fire Opal Jewelry Pendant- Down Under  https://t.co/o1wtDPeILf #blue #oval #opal #women #silver #minimalist #red #lovefriendsh  https://t.co/7YYrcl1S5b | 0 replies 0 retweets 0 likes
1358865375207825410 2021-02-08 14:48:46 -0500 <NBSnet> We know there‚Äôs value to having women in corporate leadership positions. Companies with women in top roles are more profitable, innovative, and respected.   How can we get more #women into #leadership? Read what the research showed in this article:   https://t.co/MqKAF41sTa | 0 replies 0 retweets 0 likes
1358864789838172161 2021-02-08 14:46:27 -0500 <NullBromley> #OMG I‚Äôm so adding this to my #amazon #wishlist like right now! Someone buy this for me in size XXXXXXL! #AmazonSpinandWin #adidas #JudasAndTheBlackMessiah #BlackOwnedBusiness #AMC #AnticipateSBF #metoo¬† #WhitePrivilege #adoptmeoffers #etsy #BidenActNow #largebeef #women #GOAT  https://t.co/eTjG4dROX7 | 1 replies 1 retweets 0 likes
1358864569775587335 2021-02-08 14:45:34 -0500 <BhaviCodey> Yayyy! Yes it‚Äôs me üôã‚Äç‚ôÄÔ∏è Come join us on the special day to celebrate #women #girls for international day of women and girls in #science - Feb 11th  ! üòÑ  #GirlsInSTEM #girlsinscience #space | 0 replies 0 retweets 1 likes
1358864441077501953 2021-02-08 14:45:03 -0500 <chidambara09> #Icertis boosts performance over 80% on #Azure SQL  https://t.co/0NO6wgUixH  #bigdata #AI #LiNKEDiN #IIoT #IoT #Tech #Linux #UK #javaScript #FinTech #dataScience #MiCrOsOft #USA #dataScientist #Women #Rstats #FemTech #100daysOfCode #FRENCHtech #France #digitalTransformation #WEb | 0 replies 18 retweets 8 likes
1358864435344011264 2021-02-08 14:45:02 -0500 <aboulayl777> FOR ALL VISITORS WRITE IN COMMENT WHAT YOU NEED FOR HELP YOU AND GIVE YOU BEST PRODUCTS  #CUSTOMER #BUY #SELL #PRODUCTS  #CLOTHES #WOMEN #FASHION #sweatshirt #SRILANKA #INDIA #THAILAND #NEPAL #BHUTAN #BANGLADESH #MYAMAR #LAOS #VIETNAM #COMBODIA #MALAYSIA #SINGAPORE #PHILIPINE  https://t.co/NpcNsTs0p7 | 0 replies 1 retweets 0 likes
1358863680834654209 2021-02-08 14:42:02 -0500 <JCKCreationsSho> Women inspire change tile. Still offering 50% off.  https://t.co/g1iWmw7BcB #women #etsy #smallbusiness  https://t.co/m6LFvbn4iL | 0 replies 0 retweets 0 likes
1358863631287529475 2021-02-08 14:41:50 -0500 <nail_acrylic> Tips on How to Select the Right Nail Polish? #nail #nails #nail2021 #acrylicnails #nailpainting #beauty #women #color #naildesign  https://t.co/l0c4FCg6Hg | 0 replies 0 retweets 0 likes
1358863569798979584 2021-02-08 14:41:36 -0500 <valltasy> #shopping #women #handmade #fashion #handmadejewelry #UniqueGifts #smallbiz #bridal #gift #valltasy #earrings  https://t.co/kwdyW9YJq5 | 0 replies 1 retweets 1 likes
1358863535602716673 2021-02-08 14:41:28 -0500 <palinterest> Latest #fashion for #women  https://t.co/oJlH5BoEVs #womensfashion | 0 replies 1 retweets 0 likes
1358863434759086080 2021-02-08 14:41:03 -0500 <AmirHNrd> In our latest multi-center case-control study, we have investigated possible risk factors for #ARDS in #pregnant #women with #COVID19... #pregnancy #obgyn  https://t.co/N9tiGGwOaU | 0 replies 0 retweets 2 likes
1358863400395280384 2021-02-08 14:40:55 -0500 <AnnaRecycle> Excited to share the latest addition to my #etsy shop: Santorini Lava Hammered Silver Hoop Earrings Metalwork Minimalist Sterling Silver Earrings Black Lava Large Contemporary Silver Hoops  https://t.co/bYweNPckiZ #silver #black #no #women #minimalist #uniqueearrings #c  https://t.co/VhdHNTWCLK | 0 replies 0 retweets 0 likes
1358863183797235713 2021-02-08 14:40:04 -0500 <SipCoffeeRead> Rewrite the Stars - Women's Fiction #Fiction #Women'sFiction  https://t.co/nPKch2SC4J via @tinadonahue  https://t.co/GZlpWMYyY2 | 0 replies 0 retweets 0 likes
1358863147742986244 2021-02-08 14:39:55 -0500 <MFrikis> ¬ø#SabiasQue que al principio se cre√≠a que #DamaDeBaza que puedes ver en el @MANArqueologico era un hombre porque en la tumba hab√≠a armas? ‚öîÔ∏è‚ôÄÔ∏è #arqueologia #Archaeology #museum #museo #CulturaSegura #cultura #CulturalHeritage #MuseoEnUnClick #women #WomenHistory  https://t.co/v4hsyCIyeo | 1 replies 0 retweets 0 likes
1358863131460726789 2021-02-08 14:39:51 -0500 <alihuss74243926> Excited to share this item from my #etsy shop: streling silver ring With Turquoise Nishapuri stone #blue #round #no #silver #women #yes #opal #gold #tree  https://t.co/rrZRIYBPE2  https://t.co/wRIL9IwnnX | 0 replies 0 retweets 0 likes
1358862711954812930 2021-02-08 14:38:11 -0500 <APOCMed> #Blepharoplasty üëÄ  üëá Call us and schedule your consultation!  ‚òéÔ∏è 7144502263 ‚úâÔ∏è consults@apocmed.com  ü§î Any doubts about this procedure? Contact us!  -Team APOC- #California #OrangeCounty #February2021 #plasticsurgery #eyesurgery #face #eyelids #beauty #Health #men #women  https://t.co/FEnCbav7az | 0 replies 0 retweets 0 likes
1358862521009078272 2021-02-08 14:37:26 -0500 <renaissancefai> CASTLECLIFF Mayan/Aztec Pendant Necklace Larry Vrba, Cobalt Blue Glass, Multi Color Enamel, Vintage  https://t.co/OqXx3UvnCL #blue #people #gold #no #women #glass #springring #midcentury #castlecliffnecklace | 0 replies 0 retweets 0 likes
1358862503174959104 2021-02-08 14:37:21 -0500 <tasia_feel> –Ø –ø–ª–æ—Ö–æ –≥–æ–≤–æ—Ä—é –ø–æ-–∏—Å–ø–∞–Ω—Å–∫–∏, –≤—ã –º–µ–Ω—è –Ω–µ –ø–æ–π–º—ë—Ç–µ. (c) @kaleusheva  @tasiafeel  #twinpeaks #surrealism #tasiafeel #whokilledlaurapalmer  #davidlynch #women #electrician #film #darktosee #firewalkwithme #abstractart  https://t.co/pqjh2h9beY | 0 replies 0 retweets 0 likes
1358862233003036676 2021-02-08 14:36:17 -0500 <ComeAndTalkIt> S.African women turn to guns to fight rape, murder scourge. #women   https://t.co/d4nBnsxTWt | 0 replies 0 retweets 0 likes
1358862002052030466 2021-02-08 14:35:22 -0500 <DrDeYonne> üéô#MondayVibes: Fill 2021 with the strength of #sisterhood &amp; #joy of  achieving #goals! New #motivation #episodes recording on #GirlGetYourSWAGBack! üéßListen:  https://t.co/XDszmB3Vx1  #podcasts #podcastsforwomen #Women #WOC #womenleaders #womenwhocode #CourageCatalyst #DrDeYonne  https://t.co/EwIThSS89a | 0 replies 2 retweets 0 likes
1358861964429185026 2021-02-08 14:35:13 -0500 <sale_artwork> Women.  19.685 inc  13.779 inc 1 inc Surrealism, acrylic painting on canvas. Date:30-01-2021 #sale #art #canvas #surrealism #surreal #women #surrealist #artforsale  https://t.co/IxjEhV5vvm | 0 replies 0 retweets 1 likes
1358861789249765376 2021-02-08 14:34:31 -0500 <chidambara09> @ParisHilton gifts beau #Carter a #PAINTING ,,,   https://t.co/jsI3OCYJVX @DailyMail  #bigdata #AI #LiNKEDiN #IIoT #IoT #Tech #Linux #UK #javaScript #FinTech #dataScience #USA #dataScientist #Women #Rstats #FemTech #100daysOfCode #FRENCHtech #France #digitalTransformation #fashion | 0 replies 1 retweets 2 likes
1358861722413461505 2021-02-08 14:34:15 -0500 <chidambara09> #LoveIsland's #GeorgiaSteel reveals her ,,,  https://t.co/nvtoc9TWuN @DailyMail   #bigdata #LiNKEDiN  #fashion #WOMEN #IIoT #IoT #Tech #Linux #UK #javaScript #FinTech #dataScience #AI #USAüå≥ #dataScientist #Rstats #FemTech #100daysOfCode #FRENCHtech #France #digitalTransformation | 0 replies 2 retweets 2 likes
1358861165321981952 2021-02-08 14:32:02 -0500 <TopMostShop> #aiminlove #moving #forward #toge Empowering encyclopedia site:What R the ambition #differences between men &amp; #women  https://t.co/YMuNDeyGkX | 0 replies 0 retweets 0 likes
