1357511269159473152 2021-02-04 21:08:02 -0500 <projecteve1> While #women professional caregivers are seen as warm or friendly, many male professional #caregivers face gendered stereotypes &amp; stigma. Read the new @BetterLifeLab report by @BrigidSchulte, @hallgren_emily &amp; @RoselynMiller   https://t.co/H71pmhnqxE #careforce  https://t.co/O8UfcYrMWB
1357511071049920512 2021-02-04 21:07:15 -0500 <rosesbloom24> Katherine Johnson, Mary Jackson and Dorothy Vaughn were mathematicians and engineers who worked at NASA. #BlackHistoryMonth #History #HiddenFigures the book by Margot Lee Shetterly and the movie. Great read, awesome movie too. #women  https://t.co/DR2ClQLILj
1357510816334028800 2021-02-04 21:06:14 -0500 <k72ndst> Now stick around and see who get a *sword* from the ADMIRAL. Woah! So cool #SurfaceNavy #USNavy #women
1357510565539684354 2021-02-04 21:05:14 -0500 <maatmodels> #staff LUCIANO #maatmodels #seemore  https://t.co/aaxzMhdib5  #agencia #modelos #women #men  #escuelademodelaje #agenciademodelos #buenosaires #argentinaüá¶üá∑ en Maat Models  https://t.co/ViBHD5rCC8
1357509758379524099 2021-02-04 21:02:02 -0500 <Toronto1> I love #Women! Do you?
1357509671611998213 2021-02-04 21:01:41 -0500 <CannabisCulture> Why Are Only 8% Of Cannabis CEOs Women? #jobs #women #CEOs #business #industry  https://t.co/S941yjfgxh  https://t.co/HPV5jxnTCr
1357509485233901568 2021-02-04 21:00:57 -0500 <DrLindaLMoore> This is heartbreaking example of what failed #leadership and the tolerance of spreading hate and violence is doing to our country and to our elected #women leaders @heatco @AOC
1357509450513469440 2021-02-04 21:00:48 -0500 <Fair_Anita> We partner with #women around the world and create pieces you can be proud to wear.  #investinwomen #fairanita #fairtrade  https://t.co/JsKqK05D0O
1357508567511666689 2021-02-04 20:57:18 -0500 <saa_00002> @KTLA @KTLAnewsdesk @KPSCALnews @latimes @FOXLA Kaiser is manipulating woman and forcing them to bare it all on video for their well woman exams or pay an illegal copay for an in person visit. Well women exams are no out of pocket exams. #health #women #GenderBasedViolence
1357508391472619520 2021-02-04 20:56:36 -0500 <valltasy> #gift #UniqueGifts #gifts #valltasy #wedding #handmade #fashion #giftideas #women #bridal #earrings  https://t.co/AHMc7df8xp
1357508385558691841 2021-02-04 20:56:35 -0500 <KBSingh44610545> So I just wanna ask because it‚Äôs been in my mind all day:  ‚ÄúAmerica when the fuck are we gonna get a Woman as OUR President?‚Äù I‚Äôm waiting for that day when we make history. Just wanna put it out their for 2024.  #uspresident #America #women #womenpower
1357508382610096130 2021-02-04 20:56:34 -0500 <butterflygone02> #worldcancerday ‚ôÄüíú  #womenbewise #womentakecare #cancerawareness #cancerscreening   #mammogram #breastcancer #gynecological #women #gynaecological #cancer #females_exist #health  #ovariancancer #uterinecancer  #vulvarcancer  #cervicalcancer #vaginalcancer #endometrialcancer  https://t.co/n5iXRxgIQA
1357508362305478662 2021-02-04 20:56:29 -0500 <IranNewsHub> Young woman uses hidden camera to record relentless verbal abuse and harassment while walking alone in Tehran  https://t.co/SwqPRcvTTy #Iran #women
1357507147332947968 2021-02-04 20:51:39 -0500 <HiteshAdventure> Eco #India : How an army of #women in Vellore resurrected a #river that once served as their lifeline"  #Environment   https://t.co/3v91CQh7KN
1357506856722132995 2021-02-04 20:50:30 -0500 <EVERALDATLARGE> Japan Olympics #Mori says #women talk too much in meetings. Slight element of truth in that but there are no women who could ever talk more than #CraigKelly &amp; meetings would be utterly boring if women were banned. And the conversation would lack some decency dignity &amp; compassion.
1357506745648742401 2021-02-04 20:50:04 -0500 <SingingInDCloud> rt @wef  Dying inside: The hidden crisis in America's jails  https://t.co/snHYW4nOGP #US #women  https://t.co/KDNDhmxE8g
1357506612206911499 2021-02-04 20:49:32 -0500 <butterflygone02> #worldcancerday ‚ôÄüíú  #womenbewise #womentakecare #cancerawareness #cancerscreening   #mammogram #breastcancer #gynecological #women #gynaecological #cancer #females_exist #health  #ovariancancer #uterinecancer  #vulvarcancer  #cervicalcancer #vaginalcancer #endometrialcancer  https://t.co/mP3eVD43iZ
1357506606037139459 2021-02-04 20:49:30 -0500 <AlexMayersLIVE>  https://t.co/Z9aD9dPDoI Attention #AfricanAmericans / #Blacks and #Women of #LasVegas #Nevada - BEWARE of a #racist and predator masquerading as a life coach known as Reformed Stoic - he is specifically targeting 19 year old girls. #AlexandraMayersLIVE
1357506603130384384 2021-02-04 20:49:30 -0500 <CutiesVintage> üíñ Boots Mallory - American actress, dancer &amp; model .  https://t.co/HG76n58iu3 . #vintagecutiesandbeauties #hollywood #vintage #retro #beauty #california #actress #icon #americana #20s #30s #40s #music #dancer #movies #girls #women #beauty #neworleans #model #bootsmallory üíñ  https://t.co/8avi0uh38g
1357506567327936513 2021-02-04 20:49:21 -0500 <Writesbydenise> #dream #worldcancerday #cancer #findacure #fight #help #give #standuptocancer #sickness #cancersucks #life #lives #people #world #men #women #children #battle #healthcare #health #charity #cures #ribbon #colors #symbolic #pray #hope #enough #goaway #writer  https://t.co/nVZHEVSoyU
1357506062610542593 2021-02-04 20:47:21 -0500 <tybuddhaboy> @_LarryJ_ #women  https://t.co/6TPut0SUeE
1357506051789103104 2021-02-04 20:47:18 -0500 <VernScissorsTW> TEXTURIZING : Adjusting hair volume. ‚û§  https://t.co/pFdtfQYQw0  #women #hairstyle #education #movie  https://t.co/JfEFBtF6E4
1357504474147917831 2021-02-04 20:41:02 -0500 <SherzaiMD> Alarming new findings reveal that PM2.5, a known particulate matter produced by vehicles and power plants, has been linked to memory loss and Alzheimer's-like #brain shrinkage in older #women.  Read more ‚û°Ô∏è  https://t.co/EYDNnOCVfG  https://t.co/ae8nQFeaiT
1357504223567577088 2021-02-04 20:40:02 -0500 <neighbor_center> National #WearRedDay is #Friday #February5.  #Cardiovascular disease is the No. 1 killer of #women, causing 1 in 3 deaths each year.  Caring for your #heart through a #healthydiet &amp; #physicalactivity are the secret weapons to preventing heart disease.  #RaiseAwareness #1istoomany  https://t.co/ORiRoLSovn
1357502963430928388 2021-02-04 20:35:02 -0500 <TheLCPR> @RepScottPerry introduced the Empower Our Girls Act to #Congress today aimed at ending female genital mutilation. He talks w/ @T_S_P_O_O_K_Y about it on a special Thought to Action on our @YouTube channel:  https://t.co/wU8lQ8LUS4 #EmpowerOurGirls #women #CommonSense #policy
1357502826373648385 2021-02-04 20:34:29 -0500 <TrueWordClothes> Ladies, We have tracksuit for you too #TrueWordClothing #Ladies #Women  https://t.co/edgiJiErTz
1357502423489794048 2021-02-04 20:32:53 -0500 <AniqCrafts> Excited to share the latest addition to my #etsy shop: Anniversary, Romantic, Love, Arabic, Together, Valentine, Valentines Day, Gift, Printable, Love Wall Art, Love Poster, Love Wall Decor, Art  https://t.co/XWa1IdH79h #entryway #phrasesaying #women #wives #calligraphy  https://t.co/nCgrhu1V3q
1357502055028514819 2021-02-04 20:31:25 -0500 <TBZ_Toxi> I'm gonna start using hashtags from now on, I have past the point of caring #hashtag #women #murderer #mankisser #helpivebeen #kidnapped
1357501947000066048 2021-02-04 20:30:59 -0500 <valltasy> #bridal #gifts #giftideas #jewellery #earrings #handmadejewellery #craft #women #UniqueGifts #wedding #valltasy #gift  https://t.co/xJTby6qx7F
1357501696306409474 2021-02-04 20:30:00 -0500 <bookmansphoenix> #MayaAngelou joins the ranks of Mattel's #Barbie #inspiring #women line.   https://t.co/tcrgQPsYLH
1357501454538469376 2021-02-04 20:29:02 -0500 <Medtelligence> #Hypertension symptoms in #women are often mistaken for #menopause. Here‚Äôs how #cardiologists, #gynecologists, &amp; #endocrinologists can work together to better care for these patients:  https://t.co/PZyS4aiUg0 #Cardiology #CardioTwitter @escardio  https://t.co/R1B9VA47LC
1357501392378863623 2021-02-04 20:28:47 -0500 <snowbugs7> The ultimate dilemma as a woman in business is wanting to look older so people will give you the respect you deserve, but wanting to look youthful for literally everything else. #women
1357500689505738753 2021-02-04 20:26:00 -0500 <S_G_CGroupLLC> Excited to share the latest addition to my #etsy shop: Vintage HELBROS LADIES WATCH  https://t.co/Ld8kXysGYI #black #gold #women #stainlesssteel #leather #analog #battery #helbroswatch #vintagewatch  https://t.co/I3V56q4eyx
1357500420701097986 2021-02-04 20:24:56 -0500 <thespiltink> This new series is titled, ‚ÄúA Night At The Ruby Room‚Äù  Three vibrant paintings on canvas and they can be easily yours at:   https://t.co/LntxQiRUWY  #art #arts #artist #painting #artwork #portrait #women #glamour #fashionable #gallery #artgallery #thespiltink #spiltink #buyart  https://t.co/sniRnaJPIj
1357500173828591618 2021-02-04 20:23:57 -0500 <2sisterswriting> If you want to be a powerful woman, watch this interview.  https://t.co/3h1lgqfNuR @bethelmckenzie  https://t.co/I5AHOdveHj #bossupgoddess #women #womenpower #mondaythoughts #empoweringwomen
1357499965107503104 2021-02-04 20:23:07 -0500 <confetticollect> Stand up for yourself.   #selfconfidence #girls #women
1357499821003661314 2021-02-04 20:22:33 -0500 <CoolFlashes> Fashion over 40!  Listen now! #fashion #style #podcast #lifestyle #women #womenover40 @Chicos   https://t.co/550pcrLapY  https://t.co/eyQtWFcdTl
1357499739038695427 2021-02-04 20:22:13 -0500 <BRUCEHAWES> @nichols4justice @PADems @BucksDems @LansdaleDems #Bravo Judge Carolyn Nichols -  When we elect #Women they always get things done right. @nichols4justice
1357498716836552706 2021-02-04 20:18:09 -0500 <VintageJen896> #etsy shop: Red Aurora Borealis &amp; Pink Rhinestone Bracelet, Gold Tone Links, 1960s Vintage Jewelry  https://t.co/8kg77tgjTm #red #pink #women #glass #alligatorclip #midcentury #redrhinestones #pinkrhinestones #rhinestonebracelet  https://t.co/aW69JkT5fO
1357498422094397442 2021-02-04 20:16:59 -0500 <UpinderRandhawa> It took just handful of women to rattle a nation of 1.3billion! Nation that is trying to label farmers as terrorists The world can be so much better if more power was with women!!  Thanks @rihanna  @GretaThunberg @meenaharris @NesdiJones @vanessa_vash üí™ #FarmersProtests #women
1357498250358579200 2021-02-04 20:16:18 -0500 <iwona_kozlowski> Very good tips on managing ADHD for women. Especially in pandemic @adhdireland  @TCDSB_Psych @MPSJMentalH  #ADHD #COVID19 #Coping #women
1357498188949819393 2021-02-04 20:16:03 -0500 <HopHopHasan> Do people still hate men can I go outside yet?  #men #women #Feminism
1357497669757845505 2021-02-04 20:14:00 -0500 <GrandmasDowry> Gorgeous Lolita Earrings with a cross, Gypsy Boho Hoop Earrings  https://t.co/AMlb7xK3K3  #crossJewelry #religious #green #women #leverback #bohohippie #lolitafastion #dangle  https://t.co/SpqjnfDeEr
1357497329369120771 2021-02-04 20:12:39 -0500 <S_G_CGroupLLC> Excited to share the latest addition to my #etsy shop: Vintage Seiko Women‚Äôs Quartz Watch 1NO1-5A69  https://t.co/1dySy8V8AG #black #gold #women #stainlesssteel #analog #battery #seikowatch #vintageseikowatch #sgcgroupllc  https://t.co/VasWtsw9ki
1357497243847294976 2021-02-04 20:12:18 -0500 <afcivilian> #AirForce #Women taking the lead! Check out this weekend's #SuperBowl flyover.  https://t.co/NeU01ItV4O   Who's your champion pick?.. üá∫üá∏‚úàÔ∏èüí™üèà  #SuperBowlLV #WhatsTrending #AirPower #Legacy #Honor @USAFRecruiting @airforcespecwar @usairforce #twitterstorians #Gucci #B2 #WeAreAFCS
1357497190000820226 2021-02-04 20:12:05 -0500 <ebollo> Mothers Day Gift - Because Kids T-Shirt Mom  https://t.co/K8iRmoBO5n #clothing #women'sclothing #t-shirts #becausekidst-shirt #momtshirt  https://t.co/LI0oWgTnQE
1357497105816911872 2021-02-04 20:11:45 -0500 <igor_werry> #women will save #bitcoin
1357497047931383810 2021-02-04 20:11:31 -0500 <NoiseGateStudio> The only unsolvable problem is also the only one worth solving.   #Women.
1357496792229756930 2021-02-04 20:10:30 -0500 <Latina_Schatje> Just because you and I may not have to worry about this, over 4 million #women in 90 countries are at risk to be mutilated.   Read it. Get mad about it. See how you can help...  #EndFGM
1357496702014550016 2021-02-04 20:10:09 -0500 <S_G_CGroupLLC> Excited to share the latest addition to my #etsy shop: Skagen Womens Watch Steel Mesh Bracelet Mother of Pearl Dial Crystal Bezel 566XSSS  https://t.co/GAEvKpYnRn #women #stainlesssteel #analog #battery #skagen #skagenwatch #womensgift #meshban #sgcgroupllc
1357496489430437888 2021-02-04 20:09:18 -0500 <SebWrites> This is a rather 'snappy' song.    https://t.co/sgtx5qhS9W  Clever video as well.   Would be good to see some balance however, and #women's behaviour addressed as well?  I've had to unfollow at least as many selfish women as men on here, and not to mention in life.
1357496465648680961 2021-02-04 20:09:13 -0500 <Geleo01> 1/2: Another #milestone in the @nfl #history : Three talented #women are already part of @superbowl55tampa #records: #SarahThomas, first full-time female official in the NFL since 2015. For the 2020 NFL season, she is on the officiating crew headed by referee Shawn Hochuli...
1357495162864349185 2021-02-04 20:04:02 -0500 <RevolutionsCen> #sexualrevolution #NoToSensitivity #NoSexPlease 1 author encyclopedia site: Sexodus - Men #Giving Up On #Women  https://t.co/QPd7ab6IAl
1357494401468145664 2021-02-04 20:01:00 -0500 <Fair_Anita> #Women should feel safe, valued, and respected.   #investinginwomen #genderequality
1357494287773147136 2021-02-04 20:00:33 -0500 <SoapsCare> Nothing will come to you, you have to go get it!   #love #instagood #beautiful #happy #follow #followme #instagram #me #like4like #instadaily #photooftheday #style #skincare #bodycare #womeninbusiness #men #women #soapmaker #friends  https://t.co/gfh6DXIHPH
1357494147670761473 2021-02-04 20:00:00 -0500 <Owarriorchick> Life is inherently risky. There is only one Big Risk you should avoid at all costs, and that is the risk of doing nothing.  #women #Toronto  #PeoplePower #SelfImprovement
1357493928098992131 2021-02-04 19:59:08 -0500 <NaughtiasRules> Valentine's Day is Around The Corner - Women Sexy Lingerie Set for $21.99 (Lots of Color Options)   https://t.co/VZvXy2S5o5  #lingerie #valentinesdaygift #women #men #vday  #giftideas #giftsforher #Amazon #Sale #deals #fashion #Sexy #love  https://t.co/4Zn9zWIqkO
1357493792862056461 2021-02-04 19:58:35 -0500 <beautful_bliss> One thing about it. That period will make you sit down, Every time. ü§¶üèΩ‚Äç‚ôÄÔ∏è #Women Adulthood.
1357493660380778498 2021-02-04 19:58:04 -0500 <Hullsisters> This pandemic showed all of us how being isolated feels like @Hullsisters #women #BAME #abuse #Refugees #uk
1357493544076931077 2021-02-04 19:57:36 -0500 <NaughtiasRules> Do it Yourself Massage Gun üëÄ- $64.99 When You Use $5 Off Coupon on Page   https://t.co/qXIXCz5jNe   #sale #deal #gym #Fitness #Amazon #Bargains #women #love #men #Discounts #exercise #Massage #gymlife #chiropractor #MassageRelax  #wellness #workout  https://t.co/gEUWbdFQ64
1357493322454024199 2021-02-04 19:56:43 -0500 <CoachAlonso_> üëèüèæüëèüèæüëèüèæ #women in the #SuperBowl ‚ùóüèàüíÅüèΩ‚Äç‚ôÄÔ∏èüôÖüèæ‚Äç‚ôÄÔ∏èü§∑üèº‚Äç‚ôÄÔ∏èüôÖüèΩ‚Äç‚ôÄÔ∏èü§∑üèø‚Äç‚ôÄÔ∏èüôÖüèª‚Äç‚ôÄÔ∏è
1357492927006670851 2021-02-04 19:55:09 -0500 <Hullsisters> We support #women from all backgrounds @Hullsisters #support #BAME  https://t.co/qxR3oqwmbC
1357492532809256961 2021-02-04 19:53:35 -0500 <AlexMayersLIVE>  https://t.co/GJPBzNL7Uh attention #AfricanAmericans and #women of #lasvegas - beware of the #racist known as Reformed Stoic (if the dearly departed Shelley Lubben were still with us she'd likely shut him down permanently) - #BHM
1357492224506949633 2021-02-04 19:52:21 -0500 <mekfiwi> #women #Fashion Double Sided Brush for Facial Cleansing  https://t.co/MttMKyvZvI
1357491699702988800 2021-02-04 19:50:16 -0500 <coachchristine> @JoeBiden @POTUS Have you seriously considered these issues? Great read/valid points . . . if you seriously support/protect biological women. I ask you to read and support real women--XY at birth. Please!  https://t.co/TlIS18PKbf  #XY #Women #Military #Safety #ExecutiveOrder
1357491377337204742 2021-02-04 19:48:59 -0500 <bigberd49> Drunk sketch #art #draw #drawing #drunk #women #portraitart #woman #sketching #artist #pencil #pencilart #graphite #abstract #design  https://t.co/8gBIZp4oPJ
1357491102278901764 2021-02-04 19:47:54 -0500 <S_G_CGroupLLC> Excited to share the latest addition to my #etsy shop: Relic Wet Ladies Watch ZR-11575 w/Date  https://t.co/vd3gpuaC1F #women #stainlesssteel #analog #battery #relicwet #relic #ladieswatch #sgcgroupllc  https://t.co/yVVFIuYl7R
1357491095735795714 2021-02-04 19:47:52 -0500 <Mark21Podcast> New episode preview... Yea..we go there like Degrassi.  #degrassi #throwback #podcast #episode #listen #fun #silly #women #jokes #icanseeyourtits  https://t.co/4twTq8HTgl
1357490963359424514 2021-02-04 19:47:21 -0500 <OurDutyToRISE> This üëá right here. And it's YUGE for American #women #ProChoice #LGBTQ #Equality #Justice  Justice Clarence Thomas and his wife Ginni Thomas have a huge Capitol insurrection problem  https://t.co/FAN0XczMxq via @PalmerReport
1357490940038971392 2021-02-04 19:47:15 -0500 <saa_00002> @KPSCALnews @KTLA @KTLAnewsdesk @ABC7Veronica @FOXLA Kaiser still refusing to provide preventive well woman exams to patients. Biggest scam against women! Forcing woman to do gyno video vists! WHAT!?? Gross!!!..#women #health #HealthyLiving
1357490348088586242 2021-02-04 19:44:54 -0500 <iarifhameed> @ShamaJunejo #power full #women üí™‚úåÔ∏èüëè @ShamaJunejo .
1357489601095507969 2021-02-04 19:41:56 -0500 <unraveltravels_> Women interested in traveling to France should definitely look at this article! So much great information! #travel #women #France #adventure #wanderlust
1357489355284238341 2021-02-04 19:40:57 -0500 <FemaleWfmo> 6 February is the International Day of Zero Tolerance for Female Genital Mutilation. @FemaleWfmo, we deplore this blatant violation of #HumanRights . Support us to support #women. #EndFGM #LeadHerForward #education #International #Campaign #UnitedNations   https://t.co/SV3g96iDKn  https://t.co/xWqrc2mda2
1357488404678680576 2021-02-04 19:37:11 -0500 <SBurnabyNH> On February 13 Join us for #WearRedCanada! Wear RED in support of the #women &amp; their families who‚Äôve been affected by #heartdisease.   Help raise awareness for #womenshearthealth #HerHeartMatters  https://t.co/zyrk3vuAkS
1357488399612059658 2021-02-04 19:37:10 -0500 <JackoNaomi> Come say hi and hang w your girl NAOMI &lt;3 Donation link:  https://t.co/D1icH4AX3j  https://t.co/qEke0EmWZK #Twitchtv #Twitchstreamers #Twitchgirls #Twitch #Gamergirls #Gamerchicks #Gamers #Streamergirls #Streamers #Me #Girls #shooting #women #guns
1357488135735771136 2021-02-04 19:36:07 -0500 <CaprichoAttitud> Una colecci√≥n con los mejores dise√±os. Adem√°s, est√° en rebajas. Aprovecha los descuentos de #Febrero.  #YoSoyCapricho #A√±oNuevo #Nuevo #CaprichoEnCasa #Fashion #Men #Women #M√©xico #Ropa #Woman #Gym #Girl #Fitness #Rebajas  https://t.co/Gxnx9rZpe2
1357488080312229889 2021-02-04 19:35:53 -0500 <BCAMontreal> In the coming weeks, we will tell you more about our virtual workshops! Here's a start:  https://t.co/IDGOl78l3f #environmentalhealth #fixCEPA #InternationalWomensDay #environment #women
1357488016600743936 2021-02-04 19:35:38 -0500 <CaprichoAttitud> Una colecci√≥n con los mejores dise√±os. Adem√°s, est√° en rebajas. Aprovecha los descuentos de #Febrero.  #YoSoyCapricho #A√±oNuevo #Nuevo #CaprichoEnCasa #Fashion #Men #Women #M√©xico #Ropa #Woman #Gym #Girl #Fitness #Rebajas  https://t.co/byf86lw9BD
1357487705488302083 2021-02-04 19:34:24 -0500 <valltasy> #jewellery #earrings #craft #handmade #gifts #women #handmadejewelry #UniqueGifts #jewelry #bridal #handmadejewellery  https://t.co/kDaJ7VlA0o
1357487587234091011 2021-02-04 19:33:56 -0500 <WhatIHadHeardW1> The clock is ticking. Midnight is upon us once again. Now its the ladies time to shine. #whatihadheardwas #podcast #shine #women #corpse #midnight #kill  https://t.co/dhfBJT3ktv
1357487579961114624 2021-02-04 19:33:54 -0500 <BlaqueBonnE> Can we talk about HOW GYNOCOLOGY in America was 'researched' and advancements made? Literally on the backs of black women. #women #Medical #medicine #researchers #thehistoryofmedicine #America #AmericanHistory
1357487512827162628 2021-02-04 19:33:38 -0500 <dralissajay> RT @womenknowcyber: These #Women Know #Cybersecurity.. TrendMicro Global Comm @muriel_mathis | CyberArk Marketing Manager @im_his_statler | CodeRed PR @kimmariesmith | Eskenzi Social Media Exec @Nikayla_Eskenzi | System Admin @JBeatrice | More here..  https://t.co/7y1weLaB0D
1357486081298468866 2021-02-04 19:27:57 -0500 <SHADUCK007> #Pew survey: 5,300+ Americans, #BidenAdmin: more influence to #Black people #women #LGBT individuals #young #Hispanic persons  https://t.co/VaJvepdFgV #Evangelicals #businesses #military expected to lose influence- #white people, #wealthy individuals #older Americans &amp; #men  https://t.co/8tJflTRmjJ
1357486015850643458 2021-02-04 19:27:41 -0500 <Tkarera> Why #women are less likely than men to die from #covid19. For the same reasons that women live longer: booze, bravado and biology. #MEN ARE around 1.7x more likely than women to die from covid-19, according to a recent paper by researchers at @Yale  https://t.co/Am4JxarFxX  https://t.co/x8EUqggn5B
1357485783498690560 2021-02-04 19:26:46 -0500 <rjyetyjjyrwjyt1> #women STOP WEARING MAKE UP U FUCKING PRICKS
1357485451414798345 2021-02-04 19:25:27 -0500 <tarsena1211> #women
1357485430975983616 2021-02-04 19:25:22 -0500 <renart_vq> Spotty and Exotic ‚ô†Ô∏è  #art #drawing #dibujotradicional #blackandwhiteart #women #fantasty  https://t.co/8cLKgI1khg
1357484524012208128 2021-02-04 19:21:46 -0500 <antoniolealq> ‚ÄúNo es real‚Äù es una de las canciones que estar√° en mi primer EP ‚ÄúPr√≥logo‚Äù, que saldr√° este mes de febrero... ma√±ana doy detalles importantes üòâ  #girlpower #girl #love #girls #instagood  #womenempowerment #beauty #beautiful #women  #motivation #woman  #lifestyle #loveyourself  https://t.co/IUstzO303I
1357484373621297158 2021-02-04 19:21:10 -0500 <p005638> #Vogue Mind, High Quality #store scouring products from distributors all around the world. We are known for #wholesale prices on #High #Quality #products for #women and #men.  https://t.co/s0dUBKA7Aa  https://t.co/TSNng4n0Uh
1357484246802173954 2021-02-04 19:20:39 -0500 <womenknowcyber> These #Women Know #Cybersecurity.. TrendMicro Global Comm @muriel_mathis | CyberArk Marketing Manager @im_his_statler | CodeRed PR @kimmariesmith | Eskenzi Social Media Exec @Nikayla_Eskenzi | System Admin @JBeatrice | More here..  https://t.co/lI6xaxQh08
1357484230817832964 2021-02-04 19:20:36 -0500 <Versatyle11>  https://t.co/B6kbCh1xHC Burton prix r√©duit dans la boutique ü§© #boutiqueshopping #boutique #fashion #women #style
1357484105592541184 2021-02-04 19:20:06 -0500 <thepopcornreel>  https://t.co/rGLDUvAgux #womenempowerment #women  https://t.co/yTILIyIurX
1357484019894616064 2021-02-04 19:19:45 -0500 <LauraHopeGill> Hi Twitter. I‚Äôm producing a play by #Palestinian playwright and #Dabke choreographer/dancer @AhmedNajar007. I want to build an international tour from this community. Here is info:  https://t.co/if6T5mpIPM. My deadline is April 30 for funding grant. #palestine #drama #women
1357483790868901889 2021-02-04 19:18:51 -0500 <badqueenbible> When that anxiety hits.   . . . . #selfcare #selflove #inspirational #strength #thebadbitchbibleblog #quotes #wellness #lifestyle #mentalhealth #love #relationships #strength #women #anxiety #bipolar #cats  https://t.co/mLCiPMJ2iD
1357483378770124801 2021-02-04 19:17:12 -0500 <gaelynnwoods> "Maxine is a thoroughly 21st century woman who knows her shoe &amp; dress designers,¬†grape varieties &amp; when it‚Äôs time for scotch. A CASE OF SOUR GRAPES made me laugh while it kept me swiping my iPad‚Äôs screen‚Äîright to the end."   ‚òÖ‚òÖ‚òÖ‚òÖ‚òÖ   https://t.co/0vMjtNoa4n   #women #mystery
1357483375251103746 2021-02-04 19:17:12 -0500 <ensemblecolle> L'Ensemble Coll√© is a one of a kind performance company with versatility convenience &amp; comfortability. It just feels good on! Stay tuned. #Comfort #Build #Forbes #ForbesWomen #WomenPower #Paris #NYC #Detailing #Apparel #Women
1357511669476433921 2021-02-04 21:09:38 -0500 <Equalit82031670> How do I feel about people pushing employment equity? Well...imagine if a bunch of people telling you they weren‚Äôt hiring you because of your gender or the color of your skin. That‚Äôs pretty much what we‚Äôre back to.  #equity #Equality #gender #WorkFromHome #work #Careers #women | 0 replies 0 retweets 0 likes
1357511269159473152 2021-02-04 21:08:02 -0500 <projecteve1> While #women professional caregivers are seen as warm or friendly, many male professional #caregivers face gendered stereotypes &amp; stigma. Read the new @BetterLifeLab report by @BrigidSchulte, @hallgren_emily &amp; @RoselynMiller   https://t.co/H71pmhnqxE #careforce  https://t.co/O8UfcYrMWB | 0 replies 0 retweets 0 likes
1357511071049920512 2021-02-04 21:07:15 -0500 <rosesbloom24> Katherine Johnson, Mary Jackson and Dorothy Vaughn were mathematicians and engineers who worked at NASA. #BlackHistoryMonth #History #HiddenFigures the book by Margot Lee Shetterly and the movie. Great read, awesome movie too. #women  https://t.co/DR2ClQLILj | 0 replies 0 retweets 0 likes
1357510816334028800 2021-02-04 21:06:14 -0500 <k72ndst> Now stick around and see who get a *sword* from the ADMIRAL. Woah! So cool #SurfaceNavy #USNavy #women | 0 replies 0 retweets 0 likes
1357510565539684354 2021-02-04 21:05:14 -0500 <maatmodels> #staff LUCIANO #maatmodels #seemore  https://t.co/aaxzMhdib5  #agencia #modelos #women #men  #escuelademodelaje #agenciademodelos #buenosaires #argentinaüá¶üá∑ en Maat Models  https://t.co/ViBHD5rCC8 | 0 replies 0 retweets 0 likes
1357509758379524099 2021-02-04 21:02:02 -0500 <Toronto1> I love #Women! Do you? | 0 replies 0 retweets 0 likes
1357509671611998213 2021-02-04 21:01:41 -0500 <CannabisCulture> Why Are Only 8% Of Cannabis CEOs Women? #jobs #women #CEOs #business #industry  https://t.co/S941yjfgxh  https://t.co/HPV5jxnTCr | 0 replies 0 retweets 4 likes
1357509485233901568 2021-02-04 21:00:57 -0500 <DrLindaLMoore> This is heartbreaking example of what failed #leadership and the tolerance of spreading hate and violence is doing to our country and to our elected #women leaders @heatco @AOC | 0 replies 0 retweets 0 likes
1357509450513469440 2021-02-04 21:00:48 -0500 <Fair_Anita> We partner with #women around the world and create pieces you can be proud to wear.  #investinwomen #fairanita #fairtrade  https://t.co/JsKqK05D0O | 0 replies 0 retweets 0 likes
1357508567511666689 2021-02-04 20:57:18 -0500 <saa_00002> @KTLA @KTLAnewsdesk @KPSCALnews @latimes @FOXLA Kaiser is manipulating woman and forcing them to bare it all on video for their well woman exams or pay an illegal copay for an in person visit. Well women exams are no out of pocket exams. #health #women #GenderBasedViolence | 0 replies 0 retweets 0 likes
1357508391472619520 2021-02-04 20:56:36 -0500 <valltasy> #gift #UniqueGifts #gifts #valltasy #wedding #handmade #fashion #giftideas #women #bridal #earrings  https://t.co/AHMc7df8xp | 0 replies 0 retweets 0 likes
1357508385558691841 2021-02-04 20:56:35 -0500 <KBSingh44610545> So I just wanna ask because it‚Äôs been in my mind all day:  ‚ÄúAmerica when the fuck are we gonna get a Woman as OUR President?‚Äù I‚Äôm waiting for that day when we make history. Just wanna put it out their for 2024.  #uspresident #America #women #womenpower | 0 replies 0 retweets 0 likes
1357508382610096130 2021-02-04 20:56:34 -0500 <butterflygone02> #worldcancerday ‚ôÄüíú  #womenbewise #womentakecare #cancerawareness #cancerscreening   #mammogram #breastcancer #gynecological #women #gynaecological #cancer #females_exist #health  #ovariancancer #uterinecancer  #vulvarcancer  #cervicalcancer #vaginalcancer #endometrialcancer  https://t.co/n5iXRxgIQA | 0 replies 0 retweets 0 likes
1357508362305478662 2021-02-04 20:56:29 -0500 <IranNewsHub> Young woman uses hidden camera to record relentless verbal abuse and harassment while walking alone in Tehran  https://t.co/SwqPRcvTTy #Iran #women | 0 replies 0 retweets 1 likes
1357507147332947968 2021-02-04 20:51:39 -0500 <HiteshAdventure> Eco #India : How an army of #women in Vellore resurrected a #river that once served as their lifeline"  #Environment   https://t.co/3v91CQh7KN | 0 replies 1 retweets 0 likes
1357506856722132995 2021-02-04 20:50:30 -0500 <EVERALDATLARGE> Japan Olympics #Mori says #women talk too much in meetings. Slight element of truth in that but there are no women who could ever talk more than #CraigKelly &amp; meetings would be utterly boring if women were banned. And the conversation would lack some decency dignity &amp; compassion. | 0 replies 1 retweets 1 likes
1357506745648742401 2021-02-04 20:50:04 -0500 <SingingInDCloud> rt @wef  Dying inside: The hidden crisis in America's jails  https://t.co/snHYW4nOGP #US #women  https://t.co/KDNDhmxE8g | 0 replies 1 retweets 0 likes
1357506612206911499 2021-02-04 20:49:32 -0500 <butterflygone02> #worldcancerday ‚ôÄüíú  #womenbewise #womentakecare #cancerawareness #cancerscreening   #mammogram #breastcancer #gynecological #women #gynaecological #cancer #females_exist #health  #ovariancancer #uterinecancer  #vulvarcancer  #cervicalcancer #vaginalcancer #endometrialcancer  https://t.co/mP3eVD43iZ | 1 replies 0 retweets 0 likes
1357506606037139459 2021-02-04 20:49:30 -0500 <AlexMayersLIVE>  https://t.co/Z9aD9dPDoI Attention #AfricanAmericans / #Blacks and #Women of #LasVegas #Nevada - BEWARE of a #racist and predator masquerading as a life coach known as Reformed Stoic - he is specifically targeting 19 year old girls. #AlexandraMayersLIVE | 0 replies 0 retweets 0 likes
1357506603130384384 2021-02-04 20:49:30 -0500 <CutiesVintage> üíñ Boots Mallory - American actress, dancer &amp; model .  https://t.co/HG76n58iu3 . #vintagecutiesandbeauties #hollywood #vintage #retro #beauty #california #actress #icon #americana #20s #30s #40s #music #dancer #movies #girls #women #beauty #neworleans #model #bootsmallory üíñ  https://t.co/8avi0uh38g | 0 replies 0 retweets 0 likes
1357506567327936513 2021-02-04 20:49:21 -0500 <Writesbydenise> #dream #worldcancerday #cancer #findacure #fight #help #give #standuptocancer #sickness #cancersucks #life #lives #people #world #men #women #children #battle #healthcare #health #charity #cures #ribbon #colors #symbolic #pray #hope #enough #goaway #writer  https://t.co/nVZHEVSoyU | 0 replies 1 retweets 0 likes
1357506062610542593 2021-02-04 20:47:21 -0500 <tybuddhaboy> @_LarryJ_ #women  https://t.co/6TPut0SUeE | 0 replies 2 retweets 9 likes
1357506051789103104 2021-02-04 20:47:18 -0500 <VernScissorsTW> TEXTURIZING : Adjusting hair volume. ‚û§  https://t.co/pFdtfQYQw0  #women #hairstyle #education #movie  https://t.co/JfEFBtF6E4 | 0 replies 0 retweets 1 likes
1357504474147917831 2021-02-04 20:41:02 -0500 <SherzaiMD> Alarming new findings reveal that PM2.5, a known particulate matter produced by vehicles and power plants, has been linked to memory loss and Alzheimer's-like #brain shrinkage in older #women.  Read more ‚û°Ô∏è  https://t.co/EYDNnOCVfG  https://t.co/ae8nQFeaiT | 0 replies 2 retweets 2 likes
1357504223567577088 2021-02-04 20:40:02 -0500 <neighbor_center> National #WearRedDay is #Friday #February5.  #Cardiovascular disease is the No. 1 killer of #women, causing 1 in 3 deaths each year.  Caring for your #heart through a #healthydiet &amp; #physicalactivity are the secret weapons to preventing heart disease.  #RaiseAwareness #1istoomany  https://t.co/ORiRoLSovn | 0 replies 0 retweets 0 likes
1357502963430928388 2021-02-04 20:35:02 -0500 <TheLCPR> @RepScottPerry introduced the Empower Our Girls Act to #Congress today aimed at ending female genital mutilation. He talks w/ @T_S_P_O_O_K_Y about it on a special Thought to Action on our @YouTube channel:  https://t.co/wU8lQ8LUS4 #EmpowerOurGirls #women #CommonSense #policy | 0 replies 0 retweets 0 likes
1357502826373648385 2021-02-04 20:34:29 -0500 <TrueWordClothes> Ladies, We have tracksuit for you too #TrueWordClothing #Ladies #Women  https://t.co/edgiJiErTz | 0 replies 0 retweets 1 likes
1357502423489794048 2021-02-04 20:32:53 -0500 <AniqCrafts> Excited to share the latest addition to my #etsy shop: Anniversary, Romantic, Love, Arabic, Together, Valentine, Valentines Day, Gift, Printable, Love Wall Art, Love Poster, Love Wall Decor, Art  https://t.co/XWa1IdH79h #entryway #phrasesaying #women #wives #calligraphy  https://t.co/nCgrhu1V3q | 0 replies 0 retweets 0 likes
1357502055028514819 2021-02-04 20:31:25 -0500 <TBZ_Toxi> I'm gonna start using hashtags from now on, I have past the point of caring #hashtag #women #murderer #mankisser #helpivebeen #kidnapped | 0 replies 1 retweets 7 likes
1357501947000066048 2021-02-04 20:30:59 -0500 <valltasy> #bridal #gifts #giftideas #jewellery #earrings #handmadejewellery #craft #women #UniqueGifts #wedding #valltasy #gift  https://t.co/xJTby6qx7F | 0 replies 1 retweets 0 likes
1357501696306409474 2021-02-04 20:30:00 -0500 <bookmansphoenix> #MayaAngelou joins the ranks of Mattel's #Barbie #inspiring #women line.   https://t.co/tcrgQPsYLH | 0 replies 0 retweets 0 likes
1357501454538469376 2021-02-04 20:29:02 -0500 <Medtelligence> #Hypertension symptoms in #women are often mistaken for #menopause. Here‚Äôs how #cardiologists, #gynecologists, &amp; #endocrinologists can work together to better care for these patients:  https://t.co/PZyS4aiUg0 #Cardiology #CardioTwitter @escardio  https://t.co/R1B9VA47LC | 0 replies 1 retweets 0 likes
1357501392378863623 2021-02-04 20:28:47 -0500 <snowbugs7> The ultimate dilemma as a woman in business is wanting to look older so people will give you the respect you deserve, but wanting to look youthful for literally everything else. #women | 0 replies 0 retweets 0 likes
1357500689505738753 2021-02-04 20:26:00 -0500 <S_G_CGroupLLC> Excited to share the latest addition to my #etsy shop: Vintage HELBROS LADIES WATCH  https://t.co/Ld8kXysGYI #black #gold #women #stainlesssteel #leather #analog #battery #helbroswatch #vintagewatch  https://t.co/I3V56q4eyx | 0 replies 0 retweets 1 likes
1357500420701097986 2021-02-04 20:24:56 -0500 <thespiltink> This new series is titled, ‚ÄúA Night At The Ruby Room‚Äù  Three vibrant paintings on canvas and they can be easily yours at:   https://t.co/LntxQiRUWY  #art #arts #artist #painting #artwork #portrait #women #glamour #fashionable #gallery #artgallery #thespiltink #spiltink #buyart  https://t.co/sniRnaJPIj | 0 replies 1 retweets 1 likes
1357500173828591618 2021-02-04 20:23:57 -0500 <2sisterswriting> If you want to be a powerful woman, watch this interview.  https://t.co/3h1lgqfNuR @bethelmckenzie  https://t.co/I5AHOdveHj #bossupgoddess #women #womenpower #mondaythoughts #empoweringwomen | 0 replies 0 retweets 0 likes
1357499965107503104 2021-02-04 20:23:07 -0500 <confetticollect> Stand up for yourself.   #selfconfidence #girls #women | 0 replies 0 retweets 0 likes
1357499821003661314 2021-02-04 20:22:33 -0500 <CoolFlashes> Fashion over 40!  Listen now! #fashion #style #podcast #lifestyle #women #womenover40 @Chicos   https://t.co/550pcrLapY  https://t.co/eyQtWFcdTl | 0 replies 0 retweets 1 likes
1357499739038695427 2021-02-04 20:22:13 -0500 <BRUCEHAWES> @nichols4justice @PADems @BucksDems @LansdaleDems #Bravo Judge Carolyn Nichols -  When we elect #Women they always get things done right. @nichols4justice | 0 replies 0 retweets 0 likes
1357498716836552706 2021-02-04 20:18:09 -0500 <VintageJen896> #etsy shop: Red Aurora Borealis &amp; Pink Rhinestone Bracelet, Gold Tone Links, 1960s Vintage Jewelry  https://t.co/8kg77tgjTm #red #pink #women #glass #alligatorclip #midcentury #redrhinestones #pinkrhinestones #rhinestonebracelet  https://t.co/aW69JkT5fO | 0 replies 0 retweets 0 likes
1357498422094397442 2021-02-04 20:16:59 -0500 <UpinderRandhawa> It took just handful of women to rattle a nation of 1.3billion! Nation that is trying to label farmers as terrorists The world can be so much better if more power was with women!!  Thanks @rihanna  @GretaThunberg @meenaharris @NesdiJones @vanessa_vash üí™ #FarmersProtests #women | 0 replies 1 retweets 0 likes
1357498250358579200 2021-02-04 20:16:18 -0500 <iwona_kozlowski> Very good tips on managing ADHD for women. Especially in pandemic @adhdireland  @TCDSB_Psych @MPSJMentalH  #ADHD #COVID19 #Coping #women | 0 replies 1 retweets 0 likes
1357498188949819393 2021-02-04 20:16:03 -0500 <HopHopHasan> Do people still hate men can I go outside yet?  #men #women #Feminism | 0 replies 0 retweets 0 likes
1357497669757845505 2021-02-04 20:14:00 -0500 <GrandmasDowry> Gorgeous Lolita Earrings with a cross, Gypsy Boho Hoop Earrings  https://t.co/AMlb7xK3K3  #crossJewelry #religious #green #women #leverback #bohohippie #lolitafastion #dangle  https://t.co/SpqjnfDeEr | 0 replies 3 retweets 3 likes
1357497329369120771 2021-02-04 20:12:39 -0500 <S_G_CGroupLLC> Excited to share the latest addition to my #etsy shop: Vintage Seiko Women‚Äôs Quartz Watch 1NO1-5A69  https://t.co/1dySy8V8AG #black #gold #women #stainlesssteel #analog #battery #seikowatch #vintageseikowatch #sgcgroupllc  https://t.co/VasWtsw9ki | 0 replies 0 retweets 0 likes
1357497243847294976 2021-02-04 20:12:18 -0500 <afcivilian> #AirForce #Women taking the lead! Check out this weekend's #SuperBowl flyover.  https://t.co/NeU01ItV4O   Who's your champion pick?.. üá∫üá∏‚úàÔ∏èüí™üèà  #SuperBowlLV #WhatsTrending #AirPower #Legacy #Honor @USAFRecruiting @airforcespecwar @usairforce #twitterstorians #Gucci #B2 #WeAreAFCS | 0 replies 0 retweets 1 likes
1357497190000820226 2021-02-04 20:12:05 -0500 <ebollo> Mothers Day Gift - Because Kids T-Shirt Mom  https://t.co/K8iRmoBO5n #clothing #women'sclothing #t-shirts #becausekidst-shirt #momtshirt  https://t.co/LI0oWgTnQE | 0 replies 0 retweets 0 likes
1357497105816911872 2021-02-04 20:11:45 -0500 <igor_werry> #women will save #bitcoin | 0 replies 0 retweets 0 likes
1357497047931383810 2021-02-04 20:11:31 -0500 <NoiseGateStudio> The only unsolvable problem is also the only one worth solving.   #Women. | 0 replies 0 retweets 0 likes
1357496792229756930 2021-02-04 20:10:30 -0500 <Latina_Schatje> Just because you and I may not have to worry about this, over 4 million #women in 90 countries are at risk to be mutilated.   Read it. Get mad about it. See how you can help...  #EndFGM | 2 replies 0 retweets 1 likes
1357496702014550016 2021-02-04 20:10:09 -0500 <S_G_CGroupLLC> Excited to share the latest addition to my #etsy shop: Skagen Womens Watch Steel Mesh Bracelet Mother of Pearl Dial Crystal Bezel 566XSSS  https://t.co/GAEvKpYnRn #women #stainlesssteel #analog #battery #skagen #skagenwatch #womensgift #meshban #sgcgroupllc | 0 replies 0 retweets 0 likes
1357496489430437888 2021-02-04 20:09:18 -0500 <SebWrites> This is a rather 'snappy' song.    https://t.co/sgtx5qhS9W  Clever video as well.   Would be good to see some balance however, and #women's behaviour addressed as well?  I've had to unfollow at least as many selfish women as men on here, and not to mention in life. | 0 replies 0 retweets 0 likes
1357496465648680961 2021-02-04 20:09:13 -0500 <Geleo01> 1/2: Another #milestone in the @nfl #history : Three talented #women are already part of @superbowl55tampa #records: #SarahThomas, first full-time female official in the NFL since 2015. For the 2020 NFL season, she is on the officiating crew headed by referee Shawn Hochuli... | 1 replies 0 retweets 0 likes
1357495162864349185 2021-02-04 20:04:02 -0500 <RevolutionsCen> #sexualrevolution #NoToSensitivity #NoSexPlease 1 author encyclopedia site: Sexodus - Men #Giving Up On #Women  https://t.co/QPd7ab6IAl | 0 replies 0 retweets 0 likes
1357494401468145664 2021-02-04 20:01:00 -0500 <Fair_Anita> #Women should feel safe, valued, and respected.   #investinginwomen #genderequality | 0 replies 1 retweets 0 likes
1357494287773147136 2021-02-04 20:00:33 -0500 <SoapsCare> Nothing will come to you, you have to go get it!   #love #instagood #beautiful #happy #follow #followme #instagram #me #like4like #instadaily #photooftheday #style #skincare #bodycare #womeninbusiness #men #women #soapmaker #friends  https://t.co/gfh6DXIHPH | 0 replies 1 retweets 0 likes
1357494147670761473 2021-02-04 20:00:00 -0500 <Owarriorchick> Life is inherently risky. There is only one Big Risk you should avoid at all costs, and that is the risk of doing nothing.  #women #Toronto  #PeoplePower #SelfImprovement | 0 replies 0 retweets 0 likes
1357493928098992131 2021-02-04 19:59:08 -0500 <NaughtiasRules> Valentine's Day is Around The Corner - Women Sexy Lingerie Set for $21.99 (Lots of Color Options)   https://t.co/VZvXy2S5o5  #lingerie #valentinesdaygift #women #men #vday  #giftideas #giftsforher #Amazon #Sale #deals #fashion #Sexy #love  https://t.co/4Zn9zWIqkO | 0 replies 1 retweets 0 likes
1357493792862056461 2021-02-04 19:58:35 -0500 <beautful_bliss> One thing about it. That period will make you sit down, Every time. ü§¶üèΩ‚Äç‚ôÄÔ∏è #Women Adulthood. | 0 replies 1 retweets 3 likes
1357493660380778498 2021-02-04 19:58:04 -0500 <Hullsisters> This pandemic showed all of us how being isolated feels like @Hullsisters #women #BAME #abuse #Refugees #uk | 1 replies 0 retweets 1 likes
1357493544076931077 2021-02-04 19:57:36 -0500 <NaughtiasRules> Do it Yourself Massage Gun üëÄ- $64.99 When You Use $5 Off Coupon on Page   https://t.co/qXIXCz5jNe   #sale #deal #gym #Fitness #Amazon #Bargains #women #love #men #Discounts #exercise #Massage #gymlife #chiropractor #MassageRelax  #wellness #workout  https://t.co/gEUWbdFQ64 | 0 replies 0 retweets 0 likes
1357493322454024199 2021-02-04 19:56:43 -0500 <CoachAlonso_> üëèüèæüëèüèæüëèüèæ #women in the #SuperBowl ‚ùóüèàüíÅüèΩ‚Äç‚ôÄÔ∏èüôÖüèæ‚Äç‚ôÄÔ∏èü§∑üèº‚Äç‚ôÄÔ∏èüôÖüèΩ‚Äç‚ôÄÔ∏èü§∑üèø‚Äç‚ôÄÔ∏èüôÖüèª‚Äç‚ôÄÔ∏è | 0 replies 0 retweets 0 likes
1357492927006670851 2021-02-04 19:55:09 -0500 <Hullsisters> We support #women from all backgrounds @Hullsisters #support #BAME  https://t.co/qxR3oqwmbC | 1 replies 0 retweets 0 likes
1357492532809256961 2021-02-04 19:53:35 -0500 <AlexMayersLIVE>  https://t.co/GJPBzNL7Uh attention #AfricanAmericans and #women of #lasvegas - beware of the #racist known as Reformed Stoic (if the dearly departed Shelley Lubben were still with us she'd likely shut him down permanently) - #BHM | 0 replies 0 retweets 0 likes
1357492224506949633 2021-02-04 19:52:21 -0500 <mekfiwi> #women #Fashion Double Sided Brush for Facial Cleansing  https://t.co/MttMKyvZvI | 0 replies 0 retweets 0 likes
1357491699702988800 2021-02-04 19:50:16 -0500 <coachchristine> @JoeBiden @POTUS Have you seriously considered these issues? Great read/valid points . . . if you seriously support/protect biological women. I ask you to read and support real women--XY at birth. Please!  https://t.co/TlIS18PKbf  #XY #Women #Military #Safety #ExecutiveOrder | 0 replies 0 retweets 0 likes
1357491377337204742 2021-02-04 19:48:59 -0500 <bigberd49> Drunk sketch #art #draw #drawing #drunk #women #portraitart #woman #sketching #artist #pencil #pencilart #graphite #abstract #design  https://t.co/8gBIZp4oPJ | 0 replies 1 retweets 1 likes
1357491102278901764 2021-02-04 19:47:54 -0500 <S_G_CGroupLLC> Excited to share the latest addition to my #etsy shop: Relic Wet Ladies Watch ZR-11575 w/Date  https://t.co/vd3gpuaC1F #women #stainlesssteel #analog #battery #relicwet #relic #ladieswatch #sgcgroupllc  https://t.co/yVVFIuYl7R | 0 replies 0 retweets 0 likes
1357491095735795714 2021-02-04 19:47:52 -0500 <Mark21Podcast> New episode preview... Yea..we go there like Degrassi.  #degrassi #throwback #podcast #episode #listen #fun #silly #women #jokes #icanseeyourtits  https://t.co/4twTq8HTgl | 0 replies 0 retweets 0 likes
1357490963359424514 2021-02-04 19:47:21 -0500 <OurDutyToRISE> This üëá right here. And it's YUGE for American #women #ProChoice #LGBTQ #Equality #Justice  Justice Clarence Thomas and his wife Ginni Thomas have a huge Capitol insurrection problem  https://t.co/FAN0XczMxq via @PalmerReport | 0 replies 0 retweets 0 likes
1357490940038971392 2021-02-04 19:47:15 -0500 <saa_00002> @KPSCALnews @KTLA @KTLAnewsdesk @ABC7Veronica @FOXLA Kaiser still refusing to provide preventive well woman exams to patients. Biggest scam against women! Forcing woman to do gyno video vists! WHAT!?? Gross!!!..#women #health #HealthyLiving | 1 replies 0 retweets 0 likes
1357490348088586242 2021-02-04 19:44:54 -0500 <iarifhameed> @ShamaJunejo #power full #women üí™‚úåÔ∏èüëè @ShamaJunejo . | 0 replies 1 retweets 1 likes
1357489601095507969 2021-02-04 19:41:56 -0500 <unraveltravels_> Women interested in traveling to France should definitely look at this article! So much great information! #travel #women #France #adventure #wanderlust | 0 replies 0 retweets 0 likes
1357489355284238341 2021-02-04 19:40:57 -0500 <FemaleWfmo> 6 February is the International Day of Zero Tolerance for Female Genital Mutilation. @FemaleWfmo, we deplore this blatant violation of #HumanRights . Support us to support #women. #EndFGM #LeadHerForward #education #International #Campaign #UnitedNations   https://t.co/SV3g96iDKn  https://t.co/xWqrc2mda2 | 0 replies 0 retweets 0 likes
1357488404678680576 2021-02-04 19:37:11 -0500 <SBurnabyNH> On February 13 Join us for #WearRedCanada! Wear RED in support of the #women &amp; their families who‚Äôve been affected by #heartdisease.   Help raise awareness for #womenshearthealth #HerHeartMatters  https://t.co/zyrk3vuAkS | 0 replies 1 retweets 1 likes
1357488399612059658 2021-02-04 19:37:10 -0500 <JackoNaomi> Come say hi and hang w your girl NAOMI &lt;3 Donation link:  https://t.co/D1icH4AX3j  https://t.co/qEke0EmWZK #Twitchtv #Twitchstreamers #Twitchgirls #Twitch #Gamergirls #Gamerchicks #Gamers #Streamergirls #Streamers #Me #Girls #shooting #women #guns | 0 replies 0 retweets 0 likes
1357488135735771136 2021-02-04 19:36:07 -0500 <CaprichoAttitud> Una colecci√≥n con los mejores dise√±os. Adem√°s, est√° en rebajas. Aprovecha los descuentos de #Febrero.  #YoSoyCapricho #A√±oNuevo #Nuevo #CaprichoEnCasa #Fashion #Men #Women #M√©xico #Ropa #Woman #Gym #Girl #Fitness #Rebajas  https://t.co/Gxnx9rZpe2 | 0 replies 0 retweets 0 likes
1357488080312229889 2021-02-04 19:35:53 -0500 <BCAMontreal> In the coming weeks, we will tell you more about our virtual workshops! Here's a start:  https://t.co/IDGOl78l3f #environmentalhealth #fixCEPA #InternationalWomensDay #environment #women | 0 replies 1 retweets 1 likes
1357488016600743936 2021-02-04 19:35:38 -0500 <CaprichoAttitud> Una colecci√≥n con los mejores dise√±os. Adem√°s, est√° en rebajas. Aprovecha los descuentos de #Febrero.  #YoSoyCapricho #A√±oNuevo #Nuevo #CaprichoEnCasa #Fashion #Men #Women #M√©xico #Ropa #Woman #Gym #Girl #Fitness #Rebajas  https://t.co/byf86lw9BD | 0 replies 0 retweets 0 likes
1357487705488302083 2021-02-04 19:34:24 -0500 <valltasy> #jewellery #earrings #craft #handmade #gifts #women #handmadejewelry #UniqueGifts #jewelry #bridal #handmadejewellery  https://t.co/kDaJ7VlA0o | 0 replies 0 retweets 0 likes
1357487587234091011 2021-02-04 19:33:56 -0500 <WhatIHadHeardW1> The clock is ticking. Midnight is upon us once again. Now its the ladies time to shine. #whatihadheardwas #podcast #shine #women #corpse #midnight #kill  https://t.co/dhfBJT3ktv | 0 replies 0 retweets 0 likes
1357487579961114624 2021-02-04 19:33:54 -0500 <BlaqueBonnE> Can we talk about HOW GYNOCOLOGY in America was 'researched' and advancements made? Literally on the backs of black women. #women #Medical #medicine #researchers #thehistoryofmedicine #America #AmericanHistory | 0 replies 0 retweets 0 likes
1357487512827162628 2021-02-04 19:33:38 -0500 <dralissajay> RT @womenknowcyber: These #Women Know #Cybersecurity.. TrendMicro Global Comm @muriel_mathis | CyberArk Marketing Manager @im_his_statler | CodeRed PR @kimmariesmith | Eskenzi Social Media Exec @Nikayla_Eskenzi | System Admin @JBeatrice | More here..  https://t.co/7y1weLaB0D | 0 replies 0 retweets 0 likes
1357486081298468866 2021-02-04 19:27:57 -0500 <SHADUCK007> #Pew survey: 5,300+ Americans, #BidenAdmin: more influence to #Black people #women #LGBT individuals #young #Hispanic persons  https://t.co/VaJvepdFgV #Evangelicals #businesses #military expected to lose influence- #white people, #wealthy individuals #older Americans &amp; #men  https://t.co/8tJflTRmjJ | 1 replies 0 retweets 0 likes
1357486015850643458 2021-02-04 19:27:41 -0500 <Tkarera> Why #women are less likely than men to die from #covid19. For the same reasons that women live longer: booze, bravado and biology. #MEN ARE around 1.7x more likely than women to die from covid-19, according to a recent paper by researchers at @Yale  https://t.co/Am4JxarFxX  https://t.co/x8EUqggn5B | 0 replies 0 retweets 0 likes
1357485783498690560 2021-02-04 19:26:46 -0500 <rjyetyjjyrwjyt1> #women STOP WEARING MAKE UP U FUCKING PRICKS | 0 replies 1 retweets 0 likes
1357485451414798345 2021-02-04 19:25:27 -0500 <tarsena1211> #women | 0 replies 0 retweets 0 likes
1357485430975983616 2021-02-04 19:25:22 -0500 <renart_vq> Spotty and Exotic ‚ô†Ô∏è  #art #drawing #dibujotradicional #blackandwhiteart #women #fantasty  https://t.co/8cLKgI1khg | 0 replies 0 retweets 0 likes
1357484524012208128 2021-02-04 19:21:46 -0500 <antoniolealq> ‚ÄúNo es real‚Äù es una de las canciones que estar√° en mi primer EP ‚ÄúPr√≥logo‚Äù, que saldr√° este mes de febrero... ma√±ana doy detalles importantes üòâ  #girlpower #girl #love #girls #instagood  #womenempowerment #beauty #beautiful #women  #motivation #woman  #lifestyle #loveyourself  https://t.co/IUstzO303I | 0 replies 0 retweets 1 likes
1357484373621297158 2021-02-04 19:21:10 -0500 <p005638> #Vogue Mind, High Quality #store scouring products from distributors all around the world. We are known for #wholesale prices on #High #Quality #products for #women and #men.  https://t.co/s0dUBKA7Aa  https://t.co/TSNng4n0Uh | 0 replies 0 retweets 0 likes
1357484246802173954 2021-02-04 19:20:39 -0500 <womenknowcyber> These #Women Know #Cybersecurity.. TrendMicro Global Comm @muriel_mathis | CyberArk Marketing Manager @im_his_statler | CodeRed PR @kimmariesmith | Eskenzi Social Media Exec @Nikayla_Eskenzi | System Admin @JBeatrice | More here..  https://t.co/lI6xaxQh08 | 0 replies 2 retweets 4 likes
1357484230817832964 2021-02-04 19:20:36 -0500 <Versatyle11>  https://t.co/B6kbCh1xHC Burton prix r√©duit dans la boutique ü§© #boutiqueshopping #boutique #fashion #women #style | 0 replies 0 retweets 0 likes
1357484105592541184 2021-02-04 19:20:06 -0500 <thepopcornreel>  https://t.co/rGLDUvAgux #womenempowerment #women  https://t.co/yTILIyIurX | 0 replies 0 retweets 0 likes
1357484019894616064 2021-02-04 19:19:45 -0500 <LauraHopeGill> Hi Twitter. I‚Äôm producing a play by #Palestinian playwright and #Dabke choreographer/dancer @AhmedNajar007. I want to build an international tour from this community. Here is info:  https://t.co/if6T5mpIPM. My deadline is April 30 for funding grant. #palestine #drama #women | 0 replies 0 retweets 1 likes
1357483790868901889 2021-02-04 19:18:51 -0500 <badqueenbible> When that anxiety hits.   . . . . #selfcare #selflove #inspirational #strength #thebadbitchbibleblog #quotes #wellness #lifestyle #mentalhealth #love #relationships #strength #women #anxiety #bipolar #cats  https://t.co/mLCiPMJ2iD | 0 replies 1 retweets 2 likes
1357483378770124801 2021-02-04 19:17:12 -0500 <gaelynnwoods> "Maxine is a thoroughly 21st century woman who knows her shoe &amp; dress designers,¬†grape varieties &amp; when it‚Äôs time for scotch. A CASE OF SOUR GRAPES made me laugh while it kept me swiping my iPad‚Äôs screen‚Äîright to the end."   ‚òÖ‚òÖ‚òÖ‚òÖ‚òÖ   https://t.co/0vMjtNoa4n   #women #mystery | 0 replies 0 retweets 0 likes
1357483375251103746 2021-02-04 19:17:12 -0500 <ensemblecolle> L'Ensemble Coll√© is a one of a kind performance company with versatility convenience &amp; comfortability. It just feels good on! Stay tuned. #Comfort #Build #Forbes #ForbesWomen #WomenPower #Paris #NYC #Detailing #Apparel #Women | 0 replies 0 retweets 0 likes
1357483373510426625 2021-02-04 19:17:11 -0500 <djkerns> #women #AbuseCulture #crimenews  https://t.co/vRdJdkOIl5 | 0 replies 0 retweets 0 likes
1357483037186027520 2021-02-04 19:15:51 -0500 <ArtistJamieRoxx> Check out '#OntheHunt' Orig #Painting on #Canvas #Women #Heels #Miami #Noir #Pumps #PopArt   https://t.co/o2UlxM85iB via  @eBay  https://t.co/KUsEbmzSAq | 0 replies 0 retweets 1 likes
1357482890326650881 2021-02-04 19:15:16 -0500 <AbbeyKirberger> shouldnt have been an issue in the first place, men really can be oblivious.   Now I can worry about teaching and not my helpers trying to be such....men.  Thank you for coming to my TED talk. Abbey out.  #women #Feminism #putonyourbiggirlpants | 0 replies 0 retweets 0 likes
1357481778097754114 2021-02-04 19:10:51 -0500 <WomenNews_b> Working Moms Are Struggling. Here's What Would Help. (Nytimes)  The Primal ScreamWhat government, employers and the rest of us can  https://t.co/aydmFJh8Az... Csilla Kleny√°nszki  Add your highlights:  https://t.co/HFUZ5RRSOQ  #Women | 0 replies 0 retweets 0 likes
1357481651635441665 2021-02-04 19:10:21 -0500 <GilbertKElisa> üì∑ ‚ÄúKeep Your Eyes Open‚Äù #doyou #eveningstroll #catchmeoutsidehowboutdat #bnwmood #innocenceandexperience #streetportrait #peoplewatching #itgetslatearly #itsforyourowngood #monochromatic #tropicalcountry #cola #iseeyou #blackandgrey #women...  https://t.co/SyQ7MJu3Pf | 0 replies 0 retweets 0 likes
1357481526502584320 2021-02-04 19:09:51 -0500 <JaslynnKaur> #farmersrprotest  #poems  #books #bookstagram #book #soulfood #honey #thegoodquote #beautiful #quotes #quote #wanderlust #followme #life #women   #follow #photooftheday Embers #dreams #painting #ExcludedUK #IndiaRejectsPropaganda  https://t.co/iRwoQL2TD0 | 0 replies 0 retweets 1 likes
1357481349393903616 2021-02-04 19:09:09 -0500 <D0GWATER_> #WOMEN: are you the guy who‚Äôs really good at geoguesser?  #WILBUR: yes i am. yes i am. | 0 replies 0 retweets 4 likes
1357481213901086722 2021-02-04 19:08:36 -0500 <MagicLoops> Excited to share this item from my #etsy shop: #Sweets from #Italian #yarn #Merino #wool with #cashmere #women's #clothing #cream #color #short #sleeve #beaded  #openwork #pattern #knitting #jacket #pullover #crew #womensclothing #creamcolor #shortsleeve   https://t.co/rRT0IxmGqE  https://t.co/3hSLFOc2rA | 0 replies 0 retweets 1 likes
1357481205315170304 2021-02-04 19:08:34 -0500 <MareeCrabbe> 3. These representations are giving a distorted view of #sex &amp; of #men &amp; #women, including a sort of eroticisation of #violenceagainstwomen  https://t.co/6uk8UJq4ji | 0 replies 0 retweets 0 likes
1357481096074588160 2021-02-04 19:08:08 -0500 <MareeCrabbe> 2. The most popular porn often depicts physical &amp; verbal aggression, which is almost always directed towards #women, &amp; is usually met with either a neutral or positive response. #vaw #notoviolence #pvaw #genderequality #domesticviolence #violenceagainstwomen | 0 replies 0 retweets 0 likes
1357480840104603648 2021-02-04 19:07:07 -0500 <GaryPayinda> Almost everything about the leadership of the Oympics reeks of corruption, or in this fossil's case, sexism.  #olympics #tokyo2020 95% of #japan's company directors are men. #YoshiroMori , their ex-prime minister, is doing his best to keep it a backward place for #women. | 0 replies 0 retweets 0 likes
1357480709607350278 2021-02-04 19:06:36 -0500 <MagicLoops> Excited to share this item from my #etsy shop: READY TO SHIP #Handmade #sweater #pattern #english #gum #soft #oversized #color #dusty #rose #women #clothing #pullover #long #sleeve #long #wide #sweater #longsleeve #turtleneck #handmade #patternenglishgum   https://t.co/e8MNmrIS5V  https://t.co/bTNqX0KpDk | 0 replies 0 retweets 1 likes
1357480709548613633 2021-02-04 19:06:36 -0500 <MeredithHKruse> Excited to see more from the @TheLancet commission on #women and #cancer led by true trailblazers @OphiraG and @richardhorton1. Too often women put aside their own health to care for their family, but as we know ‚Äúit is the whole family...who suffer when a mother dies of cancer.‚Äù | 1 replies 0 retweets 1 likes
1357480657102987265 2021-02-04 19:06:24 -0500 <valltasy> #handmade #craft #bridal #gifts #giftideas #valltasy #women #handmadejewelry #wedding #earrings #smallbiz #gift  https://t.co/0NdwpZBzEa | 0 replies 0 retweets 0 likes
1357480593471143937 2021-02-04 19:06:08 -0500 <RarSportswear> ‚ù§Ô∏è TIGHT YOGA SHIRTS üßò‚Äç‚ôÇÔ∏è  Get yours now! ‚ù§Ô∏è üõí:  https://t.co/pcaN3iW0qG #sexy #sportswear #leggings #fitness #women #womensfitness #gymwear #rarsportswear #rar #fashion #sport #sports #fitnesswear #activewear #gym #workout #hoodies #sportsbra #clothing #booty #boobies #yoga  https://t.co/qljpXX8lvh | 0 replies 0 retweets 1 likes
1357480311798562816 2021-02-04 19:05:01 -0500 <DraSandraAlfaro> Blueberry: Blueberries are great for women as they fight urinary infections and improve blood circulation in the legs.   Citas: (+57 2) 558 0640 - 558  6551   #blueberry #women #nutrition #infection #urinary #circulation #health #fruit #legs   @medgroupsas  https://t.co/eTpECA3rbh | 0 replies 1 retweets 1 likes
1357480247483109376 2021-02-04 19:04:46 -0500 <MagicLoops> Excited to share this item from my #etsy shop: #Palatine #lilac #with #fringe #feather #shawl #lilac #accessory #for #women #nice #crochet #handmade #gift #knitting #air #pen #wool #yarn #light #tender #big #purple #women #bohohippie #withfringe #feather  https://t.co/E3AfOK1Krb  https://t.co/64TtIQ9QdJ | 0 replies 0 retweets 1 likes
1357480059649540096 2021-02-04 19:04:01 -0500 <zcooper373> Found out we are having a baby girl, what better motivation to actively work toward dismantling oppressive systems that disadvantage women. #women #NGWSD2021 #Feminism | 8 replies 1 retweets 25 likes
1357480030499135494 2021-02-04 19:03:54 -0500 <DanilosPuraPiel> Personaliza su obsequio y hazlo a√∫n m√°s especial para ella.   #giftguide #sanvalentin #leatherwallet #women #functionaldesign #sustainabledesign #valentinesgiftideas @ Honduras  https://t.co/yy03L9b1IA | 0 replies 0 retweets 0 likes
1357479935967977473 2021-02-04 19:03:32 -0500 <vintagobsession> Excited to share the latest addition to my #etsy shop: Napier Asian Ming Brooch, Hard Resin Cast, Asian Figural, 70's Book Piece  https://t.co/9U1TjBKNiB #white #christmas #orange #no #women #gold #avantgarde #vintagobsessions #napierbrooch  https://t.co/jzBGzerq5e | 0 replies 0 retweets 0 likes
1357479754258141186 2021-02-04 19:02:48 -0500 <SophieFrances4> #CPS #Police #justice #BeHeard #change #England #rape #women #ReformUK #shoutout #government  https://t.co/jRkvn9nPrb | 0 replies 0 retweets 0 likes
1357479511898509312 2021-02-04 19:01:51 -0500 <Mirbee1111> @eaadams6 @SportIsARight #Veronicaivy aka #RachelMcKinnon stole the title from #women. | 0 replies 0 retweets 0 likes
1357479479027765249 2021-02-04 19:01:43 -0500 <CarrieEHawryluk> @theknot How about s/o telling ladies dont do it! #women do not "belong" to men. Women are not property. How about the man AND woman change their names to a combination and make a new last name!? If Hudson + Jones = Judson. üòÅ | 0 replies 0 retweets 0 likes
1357479473315274754 2021-02-04 19:01:41 -0500 <deewineceller> #DontMiss Girls Like Us Young #Women challenge #genderstereotypes, pursue #tech  https://t.co/NbFh7lIlPO #GirlsWhoCode #PlanetClassroom #YouTube @SIMAclassroom @global_nomads @goproject @marthagraham  https://t.co/KTkxiFB0Sx | 0 replies 1 retweets 2 likes
1357479437223141378 2021-02-04 19:01:33 -0500 <conserv_tribune> The economic and social side effects of government-mandated maternity leave should push policymakers to help working women in other ways. #biggovernment #businessandmoney #DemocraticParty #Democrats #family #pregnancy #USnews #Women  https://t.co/vSFOOqiJtc | 1 replies 3 retweets 2 likes
1357479361650151427 2021-02-04 19:01:15 -0500 <ShannonMackay9> ‚òÜ‚öñ$üëë% Consider how you see #Females portrayed in TV, Film, Music Videos, Magazines.  Are they being marketed 2 men b/c of being used as $ex objects 2 persuay industry% market¬ø  Is it helping #Women gain respect?  Is it helping young girls feel liberated? #RepresentationMatters | 0 replies 1 retweets 0 likes
1357479168745832448 2021-02-04 19:00:29 -0500 <lillya1960> #heartwarming #Victorian #Saga. Grab a copy of "Secrets of the Gatehouse" #Women‚Äôs fiction. A bittersweet story of intrigue.  https://t.co/gqGN7ZHIvL  https://t.co/B3JWkO80if | 0 replies 0 retweets 0 likes
1357479081856671746 2021-02-04 19:00:08 -0500 <DrLakeishaObGyn> Good Evening! ‚ù§Ô∏è  #drlakeisha #obgyn #womenshealth #selflove #healthyliving #letsmove #fittip #justbreathe #mindbodysoul #positivity #livehappily #women #ctto #ToxicThursday  https://t.co/YdY0Q29nBi | 0 replies 0 retweets 0 likes
1357478924910014474 2021-02-04 18:59:31 -0500 <nickoj125> Everyone in this world should respect women #Respect this is disgusting #women üò°  https://t.co/Y2PjyRrkkp | 0 replies 0 retweets 0 likes
1357478644717809666 2021-02-04 18:58:24 -0500 <AnnaleeAtia> No more #nicegirl. As an advocate in women‚Äôs health and well-being during the critical reproductive years, I now have NO room to ‚Äòplease‚Äô - anyone at all - that is fundamentally in opposition to improving equity and quality in #women‚Äôs lives. | 0 replies 0 retweets 1 likes
1357477188539355136 2021-02-04 18:52:37 -0500 <ShannonMackay9> #Females are still being repressed in #Media + it fuels the actions of abuse, rape üé© + #MeToomovement % #HumanTrafficking + #MMIW especially of young teenage victims.  üíã‚òÜüë†¬∞üé¨Sex $ells #RepresentationMatters 4 #Women bc it teaches society how 2 treat us  https://t.co/JOgbp3HubY | 0 replies 0 retweets 0 likes
1357477169912573952 2021-02-04 18:52:32 -0500 <ssolveigg> #itIsNotOK that #women are discriminated by health services | 0 replies 0 retweets 2 likes
1357476946377121796 2021-02-04 18:51:39 -0500 <GemsMoon> Excited to share this item from my #etsy shop: Wooden Bracelet, Beaded Bracelet, Unisex Jewelry, Natural Wooden Bracelet, Men Bracelet, Women Bracelet, Nature Jewelry, Tree Energy, Earthy #bohohippie #woodnut #women #brown #plantstrees #round  https://t.co/nTAC4JHFOp  https://t.co/09u9RtcsAd | 0 replies 0 retweets 0 likes
1357476574363324420 2021-02-04 18:50:10 -0500 <LivingUnited> Executive Search: Institute for Women's Policy Research hiring Vice President, Research &amp; Policy in DC. See executive search info in post.  #jobs #women  https://t.co/OS0kf3IS2l | 0 replies 0 retweets 0 likes
1357476360449642497 2021-02-04 18:49:19 -0500 <phumeza_shh> @Powerfm987 @SesmaniS @porklady Society‚Äôs numerous lists of Do‚Äôs and Don‚Äôts focus on #women more than men. The policing of every aspect of women‚Äôs lives adds to the way that men are conditioned to believe that they are the dominant gender and can get away with anything  #POWERZone #economicemancipation #GBV | 0 replies 1 retweets 1 likes
1357476227410522112 2021-02-04 18:48:47 -0500 <afriwomencinema> AT THE AFRICAN WOMEN IN CINEMA BLOG ARCHIVES: African Women in Cinema sharing, organising, networking #women #leadership #sharing #organizing #networking #storytelling  https://t.co/Xwki36bLPJ  https://t.co/hpRRIRy94V  https://t.co/nusAFzXsls  https://t.co/izzqZTAmgf | 0 replies 0 retweets 1 likes
1357476213258940421 2021-02-04 18:48:44 -0500 <eslagente>  https://t.co/W6jUM31bmZ üèûüìñüíöüå∏ We can speak sincerely and with the courage to express our emotions!  #TrueBeauty #Peace #women #ÿ™ÿ≠ÿµ€åŸÑÿßÿ™ #ÿ≥ŸàÿßÿØ #ÿ®ÿ±ÿßÿ®ÿ±€å #ÿ≥ŸÑÿßŸÖÿ™€å  #GenerationEquality #Act2EndFGM #SDGs #sustainable #Mindset #ŸÖÿ±ÿßŸÇÿ®Ÿá #innovation #ŸÖÿßŸÜÿ™ÿ±ÿß #Ÿàÿ≤ÿßÿ±ÿ© #rt #NaturePhotography  https://t.co/OKZIuPX82C | 0 replies 0 retweets 0 likes
1357476013861609472 2021-02-04 18:47:57 -0500 <FlourishNow1> #blm #BlackLivesMatter #BlackHistoryMonth #BlackTwitter #women #WomenWhoCode #womeninCongress #senatedems #FILIBUSTER #coup #GOPComplicitTraitors #GOPHypocrisy #GOPCowards #ROADTRIP #EnvironmentalJustice #CapitolRiot #BernieSanders #WhiteHouse #BidenTakeAction #cancelstudentdebt | 0 replies 0 retweets 0 likes
1357475722579820544 2021-02-04 18:46:47 -0500 <LisaWatsonCo> Here's a blog I wrote on my learnings from @pamelauppal about #women's #care work and the #CareEconomy - including solutions for change. Thank you Pamela for so generously facilitating this conversation at @ChangeOpenly's recent monthly #ConnectionCaf√©! | 0 replies 0 retweets 2 likes
1357475226141999104 2021-02-04 18:44:49 -0500 <AwakenAwareInc> Get Your COCO (Conscious Content) from The Awake &amp; Aware Daily. Twice a day inspirations to feed your mind, body, spirit. This article and others @  https://t.co/ZWgpxOMHy9 Thanks to @GrantJupiter @SlyDuffy11 @TheStatesmanLtd #russellbrand #women | 0 replies 1 retweets 1 likes
1357475054121078784 2021-02-04 18:44:08 -0500 <tmcpart1> Valentine's gift?...Excited to share the latest addition to my #etsy shop: Re-Cycled Copper Line Pendant  https://t.co/4UK2uOjMg7 #copper #heart #yes #women #no #bohohippie #recycled #pendant #necklace  https://t.co/Isznm61SCz | 0 replies 0 retweets 0 likes
1357474640298455040 2021-02-04 18:42:29 -0500 <GospelGrind> Now playing  - Exclusive Living.mp3 Listen here:  https://t.co/iRZ8XC3mpY #bidenharris #women #radio | 0 replies 0 retweets 0 likes
1357474507007614977 2021-02-04 18:41:57 -0500 <tmcpart1> Valentine's gift?...Excited to share the latest addition to my #etsy shop: Re-Cycled Copper and Aluminium Rectangle Heart Pendant  https://t.co/HSM1lBzYqq #copper #rectangle #silver #yes #women #bohohippie #recycled #aluminium #handmade  https://t.co/g7LBi9ZzHG | 0 replies 0 retweets 0 likes
1357474447393964036 2021-02-04 18:41:43 -0500 <valltasy> #gifts #smallbiz #craft #UniqueGifts #handmadejewellery #giftideas #women #handmade #jewelry #earrings #fashion  https://t.co/9xEffdNIm3 | 0 replies 0 retweets 1 likes
1357474330632982528 2021-02-04 18:41:15 -0500 <LivingUnited> She Should Run hiring Chief Operations &amp; Impact Officer in DC. Seeking an experienced executive with nonprofit experience to lead the day-to-day management of expanding organization and scaling program operations.  #jobs #nonprofit #women  https://t.co/ofYvT4nmFd | 0 replies 0 retweets 1 likes
1357474325238960130 2021-02-04 18:41:14 -0500 <LesterS37178154> #Republican Party for whites only Deep State #white supremist &amp; nationalist #women will be next #for White Men Only #already treat females as chattel #Wolverine Watchmen #KKK #Boogaloo #Proud Boys #Nazi Party #National Socialist Party subversive anarchists #far-right extremist | 0 replies 0 retweets 0 likes
1357474252413431816 2021-02-04 18:40:57 -0500 <tmcpart1> Valentine's gift?...Excited to share the latest addition to my #etsy shop: Hand made Slate and Re-cycled Copper pendant  https://t.co/x0Nt0JxPve #women #bohohippie #no #copper #yes #grey #lovefriendship #square #recycled  https://t.co/wIjCX5shcx | 0 replies 0 retweets 0 likes
1357474241713745920 2021-02-04 18:40:54 -0500 <BCAMontreal> Tomorrow for #earlybirds, Jennifer will be on @cbcradio  @cbcdaybreak to speak on the dangers of #receipts printed on #thermalpaper! Tune in at 6:40, or wait until the recording is availableüëÇ#BPA #environmentalhealth #Women #environment #essentialworkers  https://t.co/uuEevxsg0w | 0 replies 0 retweets 1 likes
1357474031092592641 2021-02-04 18:40:04 -0500 <launchlou> We‚Äôve added more desk space! Anyone who is starting a business should launch it here at Launch Louisville! 502-702-4900 #entrepreneur #startup #business #women #minority #success  https://t.co/HZQd0kn2gk | 0 replies 0 retweets 0 likes
1357473329620398080 2021-02-04 18:37:17 -0500 <Blacktiemag>  https://t.co/oqKAJT2iTl  Family Films Empowering Women Ma Xiaoqiu "The inspirational power of Family Films and the insightful analysis of Dr. Zhang Hui" #familyfilms #women #sdgs2030  https://t.co/RUWpBHNMbv | 0 replies 0 retweets 0 likes
1357473321076617216 2021-02-04 18:37:15 -0500 <Upenn_REES> #women #sexualharassment #macedonia    https://t.co/ffPtbUht7z | 0 replies 0 retweets 0 likes
1357473049772187652 2021-02-04 18:36:10 -0500 <sour_gutz> I hate women üò° #women #Feminism | 0 replies 0 retweets 0 likes
1357473015097774080 2021-02-04 18:36:02 -0500 <connectedwomen> Why is #ArtificialIntelligence a game changer for #Women? #ConnectedWomen #AI  https://t.co/LvQH1YwISC | 0 replies 0 retweets 2 likes
1357472856897159169 2021-02-04 18:35:24 -0500 <JANEMCARTHUR11> #publichealth strategies for #breastcancer #prevention should include #women as collaborators.  They are important experts on #environmental &amp; #occupational risk factors  https://t.co/7VJM4sTZml | 1 replies 1 retweets 1 likes
1357472786978140161 2021-02-04 18:35:07 -0500 <RobertsonSchool> On role models - "A lot of my role models are #women I know...we cultivate a relationship where I feel really comfortable asking questions...I just keep asking 'why' which is me learning and showing that I want to learn." ~ Crystal Douglas #advertising | 0 replies 0 retweets 1 likes
1357472765280927746 2021-02-04 18:35:02 -0500 <TheLCPR> @RepScottPerry introduced the Empower Our Girls Act to #Congress today aimed at ending female genital mutilation. He talks w/ @T_S_P_O_O_K_Y about it on a special Thought to Action on our @YouTube channel:  https://t.co/wU8lQ8LUS4 #EmpowerOurGirls #women #CommonSense #politics | 0 replies 0 retweets 1 likes
1357472120041832448 2021-02-04 18:32:28 -0500 <JerryCorneliusx> #GQP Too funny!  #Democrats #Liberal #Activists #TheResistance #LGBTQIA #Seniors #climatestrike #BLM #racism #MeToo #Immigrants #Women #Disabled #Veterans @TheDemocrats @DemGovs @SenateDems @HouseDemocrats @potus @VP  @SpeakerPelosi @SenSanders @RepAdamSchiff @AOC @IlhanMN  https://t.co/u1MbRvInFY | 0 replies 0 retweets 1 likes
1357471904257474560 2021-02-04 18:31:37 -0500 <ToursMad> Have a #valentine or even a #galentine or bestie? Share a #date take a #tour out tours include #romance gone wrong and strong #women. Book today with your favorite #madcats  https://t.co/U3CuffYM6M | 0 replies 0 retweets 1 likes
1357471713655668739 2021-02-04 18:30:51 -0500 <camilakleinarq> #TBT da saudade... De #compartilhar conhecimento e aglomerar nos eventos üåπ . #arquitetaCamilaKlein #CamilaKlein #stylish #decor #foto #trend #women #mulher #influencer #influencerdigital  https://t.co/5NZ5ldU3q7 | 0 replies 0 retweets 1 likes
1357471551948541962 2021-02-04 18:30:13 -0500 <SSpanTolero> How to Create Diverse Teams &amp; Why #Diversity Matters | Tolero Solutions |  https://t.co/05t4MVx6Ms | #equality #lgbtbiz #leaders #women #HR #hiring #recruiting #ceo #workplace #business #management | 0 replies 1 retweets 0 likes
1357471511586734084 2021-02-04 18:30:03 -0500 <vickiebrit> Tainted Ladies--Entertaining History read-women in the Old West #history #women #biography   https://t.co/Xzt2Y2L0EV | 0 replies 0 retweets 0 likes
1357471497313484801 2021-02-04 18:30:00 -0500 <WomensHealthMc1> This is it everyone, less than 24hrs before our Panel at 11:35AM TOMORROW Feb 5th!!! Don't miss our  #Twitterchat for live updates led by students in HSEL309üòÅ #SRHR #WRHMcGill #women #womenempowerment  @McgillNursing @mcgillu @McGillFamMed  https://t.co/pnqiyAzhUC | 0 replies 0 retweets 1 likes
1357471467466850305 2021-02-04 18:29:53 -0500 <RobertsonSchool> RE: the #pandemic -- "I think this pandemic has helped us create empathy...hopefully there will be bigger shifts...people see there's a lot of need to support #women." ~ Nomin Boutchard #advertising | 0 replies 0 retweets 1 likes
1357471239200210950 2021-02-04 18:28:58 -0500 <renaissancefai> Green Baroque Pearl Bracelet Earrings Set Huge, Selro Style White Enamel, Vintage  https://t.co/2S5rGc53ZF #green #white #bracelet #women #midcentury #selrostyle #mintgreenset #greenearrings #greendemiparure | 0 replies 0 retweets 0 likes
1357470872852983815 2021-02-04 18:27:31 -0500 <LostAFuckToGive> #Questions for #Women who perpetuate these men : ‚ÄúThey have #sisters, #mothers and #wives.‚Äù Does that really mean they would never do this, again ? Did you ask them if they keep #sisters, #mothers, and #wives in mind while they‚Äôre #traumatizing women ? | 0 replies 0 retweets 0 likes
1357470771434696709 2021-02-04 18:27:07 -0500 <SRBinCanada> #WomensRights #genderequity Almost 140 years ago, a young women completed her PhD abroad and became first #women doctor in #Serbiaüá∑üá∏ Great achievement üëè for #ladies #proud | 0 replies 0 retweets 2 likes
1357470757656408065 2021-02-04 18:27:03 -0500 <RobertsonSchool> We're taking questions: RE: the #pandemic, do you think #women have been supported in this industry? ‚ÄúTypically women are under-supported -- like in 2008 they called it the 'She Session' bc women lost their job faster than men..." ~ Elizabeth Paul #advertising | 0 replies 0 retweets 0 likes
1357470644284325888 2021-02-04 18:26:36 -0500 <HadassahNissy> #Dejandohuella #advertisinghadassahnissyagency #emprendedores #empresarios #licenciados #entrevistas #marketing #empoderamientofemenino #women  https://t.co/3HbVA1dBdV | 0 replies 0 retweets 0 likes
1357470628723396609 2021-02-04 18:26:33 -0500 <BeeBritBrat> My prayers go out to the family, friends and everyone touched by this tragedy.  We need to do more to protect us! üôèüèæüïä absolutely heart breaking.  Andrea RIEP #women #truth #AndreaBharatt  https://t.co/VtvKj7ZGmp | 0 replies 0 retweets 2 likes
1357470515036786689 2021-02-04 18:26:06 -0500 <LadiesNightACR> üö®üö®$100 FREEBUY every SUNDAY its Official   üëáüëáIts in the lobby, Remember to come to the stream 8pm Pacific on Sunday for the Password  https://t.co/BwDliE84ou  #POKER #WOMEN #WOMENINPOKER @ACR_POKER  https://t.co/1AFwsSbHjY | 0 replies 4 retweets 6 likes
1357470327018835976 2021-02-04 18:25:21 -0500 <LALGBTCenter> Excited to help kick off @DaphneWillis' #HerNameIs #women empowerment campaign! WATCH this #amazing launch video featuring Center staff &amp; #volunteers. You can participate thru 3/1 in this campaign aimed to honor incredible women in our lives. Details at  https://t.co/AqHSd48xGy.  https://t.co/W0YRlryYsk | 1 replies 2 retweets 8 likes
1357470306739322881 2021-02-04 18:25:16 -0500 <RancidRandy1> MIRROR ON CEILING #dating #Singles #romance #lol #funny #jokes #humor #comedy #love #Flashback #party #couples #gender #bars #girls #women #gay #LGBTQ #comedian #comics #standupcomedy #History #horror #family #fun #Wow #Crazy #healthy #Medical  https://t.co/gb16EdP4Ch via @YouTube | 0 replies 0 retweets 0 likes
1357469888428847105 2021-02-04 18:23:36 -0500 <Smi60703530Mike> #Democrat #Republican. #Black #White #Man #Women #Rich #poor #young #old  With all the division in the world, there is a great opportunity to recognize everyone in a sincere way.   There is room for all of us. | 0 replies 0 retweets 0 likes
1357469686368190467 2021-02-04 18:22:48 -0500 <NurUnal57> #Health #beauty #blogger #blog #Paris #Sales #Germany #√ñsterreich #business #ƒ∞stanbul #Twitter #instagram #instagood #women #WordPress #WorkFromHome #workingfromhome #home #homeschooling #style #StaySafe #StayHome #Motivation #Switch #Livestream #life #WorldCancerDay #valentines  https://t.co/qDxAALExXG | 0 replies 0 retweets 0 likes
1357469438161862656 2021-02-04 18:21:49 -0500 <thechickmission> To mark #WorldCancerDay, schedule that annual or get that physical or mammogram. Even during a global pandemic, early detection is key. We will keep fighting for &amp; supporting newly diagnosed patients who want to preserve their fertility ahead of treatment. #women #cancer #hope  https://t.co/dAtgp237kI | 0 replies 1 retweets 0 likes
1357469310164295682 2021-02-04 18:21:18 -0500 <LostAFuckToGive> #Questions for my #SexualPredators : Why should #women ever #trust you when you can‚Äôt #control yourself ? Why should we ever come near you when we will be #judged and #belittled for ever trusting you in the first place ? #MeToo | 0 replies 0 retweets 0 likes
1357468258752954368 2021-02-04 18:17:08 -0500 <lydialydzzz> There is something special...  ...about women supporting #women.   ...about women who have similar #goals working together.  ...about working with women who have the same #passion as you.   You can join us in my Empowered Women‚Äôs club  https://t.co/WmrRscqZkN | 0 replies 0 retweets 1 likes
1357467515509760004 2021-02-04 18:14:10 -0500 <Med89Nia> #watch #women #fashion #luxury #Trending #WATCH #Def #WorldCancerDay #TrueBeauty #instagram #instafashion #Tweet #tweetfleet #ebay #usa #UnitedStates #UnitedKingdom #UnitedAtHome #UnitedNations #StaySafe #vaccine #COVID19   https://t.co/8oiSHtMfJv | 0 replies 0 retweets 0 likes
1357467489714724868 2021-02-04 18:14:04 -0500 <Womans__Worth> "If companies take the right actions now, we could see dramatic improvements in the ability of women to thrive and advance in the workforce."  #COVID-19 is giving us insight to change how #women are treated in the #workplace. We must capitalize on it.   https://t.co/I78O5WuIe6 | 0 replies 0 retweets 0 likes
1357466261802913793 2021-02-04 18:09:11 -0500 <RobertsonSchool> How are #women changing #advertising ... "when the gender balance started to be addressed the next thing we said is 'we know what it's like to be underrepresented' -- the first thing women should do is look for more underrepresented voices," says Elizabeth Paul | 0 replies 2 retweets 2 likes
1357465970927947777 2021-02-04 18:08:02 -0500 <GHF_Acad> #Hypertension symptoms in #women are often mistaken for #menopause. Here‚Äôs how #cardiologists, #gynecologists, &amp; #endocrinologists can work together to better care for these patients:  https://t.co/5GheCetWfm #Cardiology #CardioTwitter @escardio  https://t.co/1YiLAS8RWQ | 0 replies 1 retweets 0 likes
1357465938711490560 2021-02-04 18:07:54 -0500 <Dr_AliZaidi> #ISIS beheads two #SUNNI #ARAB #WOMEN who lead a town in #SDF-controlled #Hasaka in northeastern #Syria. | 0 replies 0 retweets 0 likes
1357465861167013889 2021-02-04 18:07:36 -0500 <ChristoffBotha> #STEM #leaders &amp; #changemakers, @Vic_LeadSci Amanda Caples,  @MVEG001 @MVEG001, Dr Rivka Carmi &amp; Prof Hagit Messer-Yaron, unearth and discuss emerging opportunities &amp; challenges for #women in #STEM within the #NewNormal.  Check out‚Ä¶ https://t.co/IxHv6h5jMU  https://t.co/oXV3towi7l | 0 replies 0 retweets 0 likes
1357465853449674753 2021-02-04 18:07:34 -0500 <RobertsonSchool> How are #women changing #advertising? "Women are changing the workplace culture, making it more inclusive...and women are changing the work that's being put out," says Nomin Boutchard. | 0 replies 1 retweets 0 likes
1357465266830127111 2021-02-04 18:05:14 -0500 <twowetsocks1> This racist bigot and a white cis male called @samo655  said that CGI woman are better than real woman, let's cancel him, Twitter! #feminist #Feminism #women #allmenarepigs #CancelSamo | 1 replies 0 retweets 0 likes
1357464713177759746 2021-02-04 18:03:02 -0500 <RushanAbbas> Thank you for your solidarity &amp; continuous support, @SonnyBWilliams. We are failing. Failing the #Uyghurs. Failing Uyghur #women! We are failing as citizens of the world, &amp; as citizens of humanity. The conscience of the world is at test here but our leaders are failing | 1 replies 1 retweets 5 likes
1357464621569904645 2021-02-04 18:02:40 -0500 <Global_Vic> #STEM #leaders &amp; #changemakers, @Vic_LeadSci, @MVEG001, Dr Rivka Carmi &amp; Prof Hagit Messer-Yaron, unearth and discuss emerging opportunities &amp; challenges for #women in #STEM within the #NewNormal.  Check out the full speaker lineup &amp; reserve your place‚û°Ô∏è  https://t.co/4BQ6SVTVm8  https://t.co/CFi2OJ2WjK | 0 replies 4 retweets 8 likes
1357464371262324736 2021-02-04 18:01:41 -0500 <iamRicardoW> Mum taught me how to dream big! my wife taught me how to make it happen #Women üñ§ | 0 replies 0 retweets 7 likes
1357464302169554944 2021-02-04 18:01:24 -0500 <ArmoniaFRevista> üòµ¬øSabes por qu√© esta prohibido adaptarse a la infelicidad?üòµ #Ser #coaching #ElArtedeVivir #amor #coach #felicidad #infelicidad #Chamal√∫ #ArmoniaF #Armon√≠aFinanciera #revista #gratis #musa #MujerSagrada #mujer #women #woman  https://t.co/f5F9ILyEqi | 0 replies 0 retweets 0 likes
1357464273153363974 2021-02-04 18:01:17 -0500 <phumeza_shh> @Powerfm987 @SesmaniS Tuned it! Can‚Äôt wait for the conversation between @SesmaniS and @porklady   #POWERZone #economicemancipation #women #GBV | 1 replies 0 retweets 1 likes
1357464246938927104 2021-02-04 18:01:11 -0500 <WiseAboutTexas> Justice Brazzil was quiet but effective.  Learn more in the latest episode of @WiseAboutTexas at  https://t.co/pPM5oChknz #appellatetwitter #Texas #Texashistory #texan #history¬†#women #lawsuit #feminist #supremecourt  #texaswomen #femalelawyers  https://t.co/wtsXNZHJFW | 0 replies 0 retweets 0 likes
1357464210851192835 2021-02-04 18:01:02 -0500 <ConsolidatedUS> Consolidated Credit's director of education and communications April Lewis-Parks, shared with  https://t.co/ZCo89JoZeH #tips on how #women can keep #debt at bay. Read on for the details plus tips  from other experts:  https://t.co/ImU5hmeuP0  #DebtSucks | 0 replies 2 retweets 3 likes
